,,,,,,,,,,,,SRS,SRS,SRS,Adjusted,Adjusted,Adjusted
Rk,School,Conf,,W,L,Pts,Opp,MOV,,SOS,,OSRS,DSRS,SRS,ORtg,DRtg,NRtg
1,Duke,ACC,,24,3,85.5,66.9,18.59,,11.58,,20.41,9.77,30.17,123.58,82.33,41.25
2,Gonzaga,WCC,,27,2,90.7,65.2,25.45,,4.62,,20.89,9.18,30.07,127.77,86.19,41.58
3,Virginia,ACC,,24,2,71.5,54.5,17.00,,9.18,,3.79,22.39,26.18,122.78,82.26,40.52
4,Michigan State,Big Ten,,23,5,80.1,65.8,14.36,,11.19,,14.39,11.16,25.55,122.46,85.59,36.86
5,North Carolina,ACC,,22,5,87.1,72.7,14.41,,11.03,,20.84,4.60,25.44,120.20,86.52,33.68
6,Kentucky,SEC,,23,4,78.3,64.9,13.37,,9.43,,9.78,13.03,22.81,120.44,86.90,33.54
7,Tennessee,SEC,,24,3,83.6,68.0,15.63,,8.14,,15.05,7.59,22.64,123.19,91.21,31.98
8,Texas Tech,Big 12,,22,5,72.2,57.3,14.89,,6.80,,4.22,17.46,21.68,113.74,81.53,32.21
9,Michigan,Big Ten,,24,4,70.3,58.4,11.96,,9.27,,4.16,17.07,21.23,114.58,82.90,31.68
10,Purdue,Big Ten,,20,7,76.6,67.6,8.93,,11.97,,11.71,9.18,20.89,122.34,91.80,30.54
11,Auburn,SEC,,18,9,80.5,67.9,12.63,,9.23,,12.53,7.85,20.38,117.92,89.69,28.24
12,Virginia Tech,ACC,,21,6,74.4,61.1,13.26,,6.31,,6.65,12.92,19.57,119.59,90.04,29.55
13,Wisconsin,Big Ten,,19,8,69.9,61.3,8.59,,10.54,,3.37,15.76,19.13,114.62,86.30,28.32
14,Iowa State,Big 12,,19,8,78.3,67.2,11.07,,7.83,,10.71,8.20,18.91,119.20,91.75,27.46
15,Louisville,ACC,,18,10,75.5,67.9,7.54,,11.19,,8.98,9.75,18.73,115.99,89.44,26.55
16,Kansas,Big 12,,20,7,76.4,70.6,5.74,,12.84,,11.51,7.08,18.58,115.66,89.62,26.04
17,Nevada,MWC,,25,2,81.2,65.9,15.30,,2.55,,9.92,7.92,17.84,114.86,89.96,24.89
18,Florida State,ACC,,21,6,76.5,67.9,8.67,,8.91,,9.63,7.95,17.57,113.61,88.93,24.67
19,Houston,AAC,,26,1,75.2,60.3,14.93,,2.65,,4.95,12.62,17.57,114.36,88.52,25.84
20,Maryland,Big Ten,,21,7,72.5,64.5,8.00,,9.57,,6.66,10.91,17.57,115.09,89.59,25.50
21,Marquette,Big East,,23,4,78.9,68.6,10.30,,6.85,,10.43,6.72,17.14,115.00,90.93,24.07
22,Louisiana State,SEC,,22,5,82.7,74.1,8.59,,8.37,,15.01,1.95,16.96,118.70,94.60,24.10
23,North Carolina State,ACC,,20,8,82.3,71.3,11.00,,5.88,,14.61,2.27,16.88,115.77,93.10,22.67
24,Nebraska,Big Ten,,15,13,71.9,64.5,7.43,,10.52,,6.00,10.70,16.70,113.92,90.68,23.24
25,Iowa,Big Ten,,21,6,80.4,72.6,7.78,,8.72,,13.58,2.91,16.49,120.77,97.37,23.40
26,Mississippi State,SEC,,20,7,78.0,70.2,7.81,,8.65,,9.93,6.54,16.46,117.22,93.52,23.70
27,Buffalo,MAC (East),,24,3,85.7,70.9,14.85,,2.11,,15.48,0.74,16.22,114.62,92.76,21.87
28,Texas,Big 12,,15,12,71.5,66.2,5.33,,10.79,,5.10,11.02,16.12,114.88,91.09,23.80
29,Florida,SEC,,16,11,68.7,63.5,5.22,,10.59,,1.04,14.78,15.81,110.59,87.52,23.07
30,Oklahoma,Big 12,,17,10,71.1,67.3,3.78,,11.82,,6.70,8.89,15.59,109.84,88.09,21.75
31,Ohio State,Big Ten,,17,10,70.0,64.3,5.74,,9.82,,2.87,12.69,15.56,111.32,88.99,22.33
32,Cincinnati,AAC,,23,4,73.1,61.5,11.63,,3.70,,2.89,12.44,15.33,113.90,91.26,22.64
33,Kansas State,Big 12,,21,6,66.5,59.3,7.19,,8.01,,-1.29,16.48,15.20,108.47,85.85,22.62
34,Villanova,Big East,,20,8,74.9,67.4,7.54,,7.43,,5.38,9.58,14.97,117.89,96.14,21.76
35,Syracuse,ACC,,18,9,69.8,64.1,5.63,,9.22,,2.33,12.52,14.85,110.22,88.04,22.18
36,Texas Christian,Big 12,,18,9,75.1,69.3,5.78,,8.74,,8.37,6.15,14.52,113.25,93.14,20.11
37,Clemson,ACC,,16,11,69.6,64.3,5.26,,9.11,,2.56,11.82,14.37,110.18,89.07,21.11
38,Indiana,Big Ten,,13,14,70.2,67.0,3.22,,10.67,,3.68,10.22,13.90,108.90,89.49,19.41
39,Baylor,Big 12,,18,9,72.2,65.7,6.52,,7.24,,4.53,9.23,13.76,114.17,93.79,20.38
40,Washington,Pac-12,,22,5,71.1,63.6,7.48,,6.27,,1.71,12.05,13.76,108.66,88.47,20.19
41,Mississippi,SEC,,19,8,76.4,70.2,6.22,,7.12,,7.93,5.41,13.34,112.66,93.29,19.37
42,Wofford,Southern,,24,4,83.0,65.9,17.11,,0.71,,7.96,5.35,13.31,119.52,99.18,20.34
43,Central Florida,AAC,,20,6,73.7,64.0,9.69,,3.46,,2.87,10.29,13.15,110.58,91.44,19.14
44,Virginia Commonwealth,A-10,,21,6,71.5,61.7,9.78,,3.13,,1.22,11.69,12.91,103.70,84.80,18.90
45,Minnesota,Big Ten,,17,11,71.8,69.4,2.43,,9.99,,5.80,6.62,12.42,111.31,93.51,17.80
46,Creighton,Big East,,15,13,79.5,74.7,4.82,,9.27,,10.37,2.04,12.41,115.66,98.00,17.66
47,Saint Mary's (CA),WCC,,19,10,74.4,65.4,8.93,,3.42,,3.61,8.74,12.35,116.37,97.23,19.14
48,Penn State,Big Ten,,11,16,69.8,69.5,0.30,,11.88,,4.81,7.37,12.17,109.84,91.72,18.12
49,Utah State,MWC,,22,6,78.6,65.9,12.71,,-0.07,,6.16,5.96,12.12,110.93,93.70,17.23
50,Butler,Big East,,15,12,73.3,69.6,3.67,,8.18,,4.84,7.01,11.85,113.95,96.68,17.26
51,Arizona State,Pac-12,,19,8,79.1,73.1,6.00,,5.31,,8.74,2.57,11.31,110.01,93.86,16.15
52,Illinois,Big Ten,,10,17,73.9,74.7,-0.85,,11.88,,9.22,1.81,11.02,110.93,95.06,15.87
53,Miami (FL),ACC,,12,14,72.5,70.1,2.35,,8.58,,4.34,6.58,10.92,111.04,95.76,15.28
54,St. John's (NY),Big East,,20,8,78.5,73.3,5.25,,5.57,,9.32,1.50,10.82,110.86,95.73,15.13
55,Arkansas,SEC,,14,13,76.3,73.9,2.33,,8.39,,8.36,2.37,10.72,109.11,94.09,15.02
56,Northwestern,Big Ten,,12,15,66.2,64.6,1.59,,9.06,,0.19,10.46,10.65,105.66,90.20,15.46
57,Alabama,SEC,,16,11,73.5,71.8,1.70,,8.80,,5.97,4.54,10.51,110.42,95.66,14.76
58,San Francisco,WCC,,21,7,76.0,66.0,10.00,,1.38,,3.52,6.98,10.50,111.50,95.81,15.70
59,Seton Hall,Big East,,16,11,73.7,71.6,2.15,,8.30,,6.21,4.24,10.45,109.52,94.29,15.24
60,Arizona,Pac-12,,16,12,72.1,68.2,3.89,,6.21,,2.12,7.98,10.10,107.34,93.03,14.31
61,Dayton,A-10,,18,9,73.6,67.2,6.41,,3.55,,4.00,5.96,9.96,113.10,98.31,14.79
62,Fresno State,MWC,,19,8,75.7,67.1,8.59,,1.88,,3.60,6.12,9.72,109.15,95.05,14.10
63,Oregon,Pac-12,,15,12,70.0,65.5,4.52,,5.17,,-0.39,10.08,9.69,108.44,93.71,14.72
64,New Mexico State,WAC,,24,4,77.2,65.3,11.93,,-0.71,,3.50,6.14,9.63,112.42,97.99,14.42
65,Memphis,AAC,,17,11,82.3,76.8,5.54,,4.02,,13.12,-3.56,9.55,110.56,97.41,13.15
66,Lipscomb,A-Sun,,21,6,84.1,68.8,15.30,,-2.44,,8.86,0.62,9.48,108.27,94.81,13.46
67,Rutgers,Big Ten,,13,14,67.4,68.0,-0.63,,9.94,,1.45,7.86,9.31,105.64,92.24,13.40
68,Pittsburgh,ACC,,12,15,72.3,68.9,3.37,,5.91,,2.72,6.56,9.28,106.27,93.14,13.13
69,Notre Dame,ACC,,13,14,70.3,69.1,1.15,,7.90,,2.48,6.58,9.05,110.74,97.85,12.89
70,Colorado,Pac-12,,16,11,74.3,68.7,5.63,,3.37,,3.63,5.37,9.00,107.70,95.13,12.56
71,Southern California,Pac-12,,15,13,76.3,71.9,4.39,,4.50,,7.08,1.81,8.89,109.15,96.41,12.74
72,Xavier,Big East,,15,13,71.8,70.9,0.89,,7.97,,2.81,6.05,8.86,111.53,98.74,12.79
73,Toledo,MAC (West),,21,6,77.7,68.3,9.41,,0.58,,4.02,4.75,8.77,108.36,95.11,13.25
74,Oregon State,Pac-12,,17,9,73.6,68.7,4.88,,3.75,,3.53,5.10,8.63,110.77,98.23,12.54
75,Temple,AAC,,20,7,74.9,70.9,4.04,,4.54,,5.75,2.84,8.58,109.27,96.87,12.40
76,Georgetown,Big East,,16,11,81.0,77.9,3.07,,5.43,,11.86,-3.36,8.50,110.30,98.84,11.46
77,UCLA,Pac-12,,15,13,78.1,76.4,1.71,,6.65,,9.28,-0.92,8.36,109.49,97.46,12.03
78,Murray State,OVC,,23,4,83.9,67.7,16.19,,-5.21,,6.04,2.31,8.35,112.19,99.59,12.59
79,Texas A&M,SEC,,12,14,72.2,72.3,-0.12,,8.37,,3.70,4.56,8.26,108.37,96.44,11.94
80,Connecticut,AAC,,13,14,75.4,71.2,4.15,,3.93,,6.35,1.73,8.08,108.79,97.30,11.49
81,South Carolina,SEC,,14,13,74.1,74.0,0.15,,9.87,,6.82,1.24,8.07,107.23,95.63,11.59
82,Furman,Southern,,22,6,78.0,65.5,12.46,,-1.54,,1.83,6.15,7.98,105.93,94.21,11.72
83,Belmont,OVC,,23,4,87.6,74.6,13.07,,-3.55,,11.59,-3.64,7.95,113.99,102.62,11.37
84,Providence,Big East,,15,13,71.0,69.5,1.46,,6.34,,1.33,6.47,7.80,105.25,94.02,11.23
85,Missouri,SEC,,12,14,67.3,68.6,-1.31,,9.02,,-0.50,8.21,7.71,107.18,95.65,11.53
86,Georgia Tech,ACC,,12,16,65.2,65.4,-0.25,,7.93,,-2.36,10.04,7.68,100.83,90.06,10.76
87,Davidson,A-10,,20,7,71.5,65.4,6.07,,2.43,,0.11,7.33,7.43,108.01,96.71,11.30
88,Brigham Young,WCC,,18,12,79.4,76.1,3.33,,3.69,,9.74,-2.71,7.03,111.72,101.28,10.43
89,Oklahoma State,Big 12,,10,17,67.0,71.0,-4.04,,11.02,,1.28,5.70,6.98,108.47,99.31,9.17
90,East Tennessee State,Southern,,22,8,79.7,68.3,11.40,,-1.49,,2.63,4.09,6.73,108.66,98.64,10.02
91,South Dakota State,Summit,,23,7,85.1,73.4,11.77,,-4.69,,9.31,-2.62,6.69,112.06,102.91,9.15
92,Boston College,ACC,,13,13,71.9,72.5,-0.58,,7.14,,4.46,2.09,6.56,109.00,99.53,9.47
93,Grand Canyon,WAC,,16,10,75.5,66.9,8.62,,-2.07,,2.18,4.36,6.55,107.02,97.71,9.31
94,Georgia,SEC,,10,17,73.8,75.2,-1.41,,7.84,,4.46,1.98,6.44,107.33,98.49,8.84
95,Utah,Pac-12,,15,12,76.0,74.8,1.19,,5.19,,6.86,-0.48,6.38,114.52,105.73,8.79
96,South Florida,AAC,,18,9,73.0,66.0,7.04,,0.62,,-0.28,6.63,6.35,101.77,92.34,9.43
97,Vanderbilt,SEC,,9,18,70.7,72.1,-1.41,,7.74,,2.19,4.15,6.33,104.99,96.48,8.51
98,DePaul,Big East,,13,12,75.5,73.8,1.68,,4.49,,6.09,0.08,6.17,109.59,100.91,8.68
99,Wichita State,AAC,,13,13,70.4,70.5,-0.12,,6.24,,1.93,4.19,6.12,105.99,96.75,9.24
100,San Diego,WCC,,17,12,72.3,68.5,3.79,,3.87,,1.75,4.33,6.09,106.62,97.65,8.97
101,Akron,MAC (East),,15,12,69.5,62.6,6.93,,0.37,,-4.15,10.12,5.97,99.91,91.19,8.72
102,Yale,Ivy,,18,5,81.0,72.9,8.09,,-1.36,,7.25,-1.47,5.78,107.30,99.17,8.12
103,Bowling Green State,MAC (East),,19,8,79.2,71.4,7.85,,-0.27,,4.87,0.78,5.65,106.83,98.78,8.06
104,Stanford,Pac-12,,14,13,72.8,73.0,-0.26,,5.87,,3.00,2.61,5.61,104.74,97.06,7.68
105,Hofstra,CAA,,23,6,84.2,72.4,11.79,,-4.73,,9.36,-3.77,5.59,115.79,106.97,8.82
106,San Diego State,MWC,,18,9,73.6,67.9,5.70,,1.63,,0.56,4.95,5.52,106.54,99.21,7.32
107,Southern Methodist,AAC,,13,13,72.9,70.1,2.81,,2.67,,2.29,3.19,5.48,112.28,103.83,8.45
108,West Virginia,Big 12,,10,17,70.8,75.3,-4.52,,9.98,,4.99,0.47,5.46,107.60,99.19,8.41
109,Liberty,A-Sun,,23,6,74.7,60.9,13.76,,-4.91,,-3.36,8.30,4.94,108.23,98.99,9.24
110,Old Dominion,CUSA,,22,6,68.0,61.0,7.00,,-2.06,,-4.01,8.95,4.94,103.03,94.83,8.21
111,Northern Kentucky,Horizon,,21,8,79.3,68.4,10.86,,-2.90,,3.87,1.04,4.91,108.59,101.34,7.25
112,Tulsa,AAC,,16,12,71.6,71.0,0.57,,4.29,,2.81,2.06,4.86,105.74,98.40,7.33
113,Ball State,MAC (West),,14,13,77.1,72.2,4.85,,1.52,,4.40,0.40,4.79,105.17,98.21,6.96
114,Vermont,AEC,,22,6,74.5,64.4,10.11,,-3.48,,0.36,4.20,4.56,107.37,100.01,7.36
115,Loyola (IL),MVC,,17,12,66.0,60.9,5.14,,0.14,,-5.44,9.89,4.46,104.88,97.94,6.95
116,UC-Irvine,Big West,,23,5,71.2,64.3,6.89,,-1.43,,-1.75,6.21,4.46,102.58,95.24,7.34
117,Georgia Southern,Sun Belt,,18,10,83.6,76.0,7.54,,0.97,,9.22,-4.94,4.28,107.87,101.52,6.35
118,Northeastern,CAA,,18,10,75.5,71.0,4.46,,-0.45,,3.19,0.83,4.02,109.73,103.55,6.18
119,Saint Louis,A-10,,17,10,66.7,64.0,2.74,,1.26,,-4.18,8.18,4.00,99.42,93.13,6.29
120,Boise State,MWC,,11,16,71.6,68.3,3.37,,1.13,,1.18,2.68,3.86,107.70,101.68,6.02
121,Wright State,Horizon,,18,11,74.4,68.0,6.41,,-0.98,,0.11,3.66,3.76,106.95,101.13,5.82
122,North Carolina-Greensboro,Southern,,24,5,76.2,67.0,9.21,,-1.50,,-0.20,3.93,3.72,104.10,98.40,5.70
123,Texas State,Sun Belt,,22,6,73.9,63.9,10.04,,-2.46,,-3.91,7.60,3.69,102.56,96.38,6.18
124,Utah Valley,WAC,,19,8,77.9,71.1,6.81,,-2.07,,3.69,-0.32,3.37,107.44,102.35,5.09
125,Loyola Marymount,WCC,,18,10,67.3,62.3,4.96,,1.30,,-6.86,10.11,3.26,101.95,97.08,4.87
126,Central Michigan,MAC (West),,19,8,83.2,75.8,7.37,,-0.63,,7.87,-4.62,3.25,107.91,103.19,4.72
127,Southern Mississippi,CUSA,,17,10,73.0,64.9,8.19,,-0.75,,-2.21,5.28,3.08,104.84,99.47,5.37
128,Western Kentucky,CUSA,,16,12,71.8,70.1,1.68,,1.19,,0.65,2.22,2.87,103.38,98.61,4.77
129,Drake,MVC,,21,8,75.9,70.9,5.03,,0.19,,4.50,-1.64,2.86,105.64,101.30,4.33
130,College of Charleston,CAA,,22,8,74.8,69.1,5.67,,-2.59,,0.20,2.44,2.65,108.53,103.64,4.89
131,St. Bonaventure,A-10,,13,14,67.3,65.0,2.26,,0.29,,-3.64,6.19,2.55,100.96,96.23,4.74
132,Louisiana Tech,CUSA,,18,10,73.1,67.1,5.93,,-2.12,,-1.22,3.57,2.35,103.16,99.25,3.91
133,Harvard,Ivy,,14,9,72.0,70.0,2.04,,0.73,,0.23,2.09,2.32,103.35,99.63,3.72
134,Texas-San Antonio,CUSA,,15,12,79.1,75.2,3.93,,0.11,,6.43,-4.14,2.29,105.17,101.23,3.94
135,Northern Illinois,MAC (West),,12,15,73.6,71.2,2.41,,1.45,,1.25,0.95,2.21,107.83,104.37,3.46
136,Montana,Big Sky,,20,6,77.8,69.2,8.62,,-4.98,,1.54,0.65,2.19,106.29,102.91,3.38
137,Miami (OH),MAC (East),,14,13,71.9,69.1,2.81,,2.31,,-0.81,2.96,2.15,105.96,102.66,3.30
138,George Mason,A-10,,15,12,71.5,69.8,1.74,,0.31,,1.03,1.03,2.05,104.34,100.67,3.67
139,Pennsylvania,Ivy,,16,10,74.6,70.2,4.42,,-0.61,,1.29,0.74,2.04,103.35,100.17,3.19
140,Nevada-Las Vegas,MWC,,15,12,74.0,72.2,1.81,,0.19,,2.41,-0.41,2.00,105.91,102.32,3.59
141,Kent State,MAC (East),,19,8,75.2,72.6,2.59,,0.94,,2.87,-0.89,1.98,107.06,104.08,2.99
142,Duquesne,A-10,,18,9,73.9,71.0,2.89,,-0.93,,2.42,-0.46,1.96,104.26,101.03,3.23
143,Georgia State,Sun Belt,,19,9,77.2,74.4,2.86,,0.77,,3.81,-1.86,1.96,106.30,102.89,3.40
144,Southern Illinois,MVC,,15,14,67.8,66.5,1.28,,0.42,,-3.64,5.34,1.69,102.43,99.70,2.73
145,North Texas,CUSA,,20,8,70.9,62.0,8.96,,-3.37,,-4.85,6.40,1.55,100.35,97.24,3.12
146,Radford,Big South,,19,9,74.8,68.7,6.11,,-1.47,,-0.63,2.16,1.53,107.51,104.62,2.88
147,Bucknell,Patriot,,18,10,77.3,73.5,3.79,,-2.31,,4.33,-2.85,1.48,105.11,103.13,1.98
148,Rhode Island,A-10,,12,14,67.7,67.7,-0.08,,1.52,,-1.63,3.07,1.45,100.27,98.77,1.50
149,Jacksonville State,OVC,,21,8,76.8,67.9,8.83,,-5.41,,-1.69,3.09,1.40,101.02,98.13,2.89
150,Austin Peay,OVC,,21,8,82.3,71.5,10.83,,-5.10,,4.01,-2.81,1.20,107.04,104.44,2.60
151,Eastern Michigan,MAC (West),,13,14,70.1,69.7,0.44,,5.09,,-4.62,5.74,1.13,103.30,101.58,1.72
152,Samford,Southern,,16,13,78.2,74.6,3.59,,-2.51,,3.73,-2.85,0.89,103.85,102.04,1.81
153,Wake Forest,ACC,,10,16,68.9,76.0,-7.08,,7.97,,0.77,0.12,0.89,104.61,103.11,1.51
154,Washington State,Pac-12,,11,16,77.2,77.9,-0.63,,1.34,,5.62,-4.92,0.71,108.46,107.89,0.58
155,Louisiana-Monroe,Sun Belt,,14,12,77.9,74.4,3.50,,-1.37,,3.39,-2.80,0.59,110.26,108.66,1.60
156,New Mexico,MWC,,11,15,75.7,76.2,-0.46,,3.08,,4.45,-4.10,0.36,103.25,102.20,1.06
157,Colgate,Patriot,,19,10,74.8,70.1,4.66,,-3.86,,1.02,-0.70,0.32,106.57,105.70,0.87
158,Pepperdine,WCC,,13,16,76.1,74.7,1.45,,0.03,,4.38,-4.07,0.32,105.36,104.45,0.91
159,Alabama-Birmingham,CUSA,,17,11,70.6,67.5,3.11,,-1.64,,-2.21,2.46,0.25,104.31,103.12,1.19
160,Colorado State,MWC,,11,16,75.5,75.4,0.11,,1.25,,2.79,-2.73,0.06,109.28,108.51,0.77
161,Coastal Carolina,Sun Belt,,13,13,76.5,71.8,4.65,,-1.93,,1.94,-1.95,-0.01,104.44,104.00,0.44
162,Brown,Ivy,,17,9,74.6,69.0,5.62,,-3.30,,-1.11,0.93,-0.18,97.22,97.64,-0.41
163,UC-Santa Barbara,Big West,,19,8,73.7,65.1,8.59,,-4.74,,-2.39,2.21,-0.18,104.97,104.30,0.66
164,Missouri State,MVC,,16,13,70.0,67.5,2.45,,-0.80,,-2.13,1.93,-0.20,103.85,102.86,1.00
165,Florida Atlantic,CUSA,,16,12,71.8,68.4,3.36,,-1.32,,-2.93,2.61,-0.32,99.49,98.92,0.57
166,Hawaii,Big West,,16,11,72.4,68.6,3.85,,-2.94,,-1.47,0.97,-0.50,104.15,104.84,-0.69
167,Richmond,A-10,,12,15,71.0,70.6,0.41,,-1.15,,-0.10,-0.64,-0.74,108.49,108.96,-0.47
168,Texas-Rio Grande Valley,WAC,,16,14,69.4,69.3,0.13,,0.01,,-2.59,1.82,-0.77,95.87,96.24,-0.37
169,Mercer,Southern,,11,17,73.4,71.5,1.89,,0.14,,-1.88,1.06,-0.82,103.04,103.34,-0.30
170,Saint Joseph's,A-10,,11,16,70.0,72.8,-2.81,,1.98,,1.07,-1.91,-0.84,105.20,106.07,-0.87
171,Lehigh,Patriot,,18,9,80.6,77.3,3.26,,-4.12,,7.19,-8.05,-0.86,107.21,108.44,-1.23
172,Northern Iowa,MVC,,14,15,66.6,66.6,0.03,,1.07,,-5.12,4.22,-0.90,102.12,102.58,-0.46
173,Bradley,MVC,,16,13,67.5,66.3,1.21,,-1.61,,-4.77,3.83,-0.94,100.92,101.88,-0.96
174,Seattle,WAC,,15,12,73.9,68.6,5.37,,-4.41,,-2.81,1.68,-1.13,100.43,101.55,-1.12
175,Omaha,Summit,,18,9,79.7,77.2,2.48,,-2.36,,4.90,-6.07,-1.16,108.81,109.78,-0.97
176,Cal State Fullerton,Big West,,13,14,73.0,70.9,2.11,,0.15,,-0.05,-1.20,-1.25,97.96,99.18,-1.22
177,Texas-Arlington,Sun Belt,,13,15,68.5,70.6,-2.07,,1.67,,-4.43,3.06,-1.36,97.13,98.55,-1.42
178,Santa Clara,WCC,,15,13,68.6,70.6,-1.93,,1.53,,-3.00,1.50,-1.50,100.49,101.83,-1.34
179,Illinois State,MVC,,15,14,69.0,70.6,-1.55,,0.70,,-1.76,0.24,-1.52,101.92,103.71,-1.79
180,IUPUI,Horizon,,16,13,76.9,73.1,3.83,,-3.15,,-0.06,-1.51,-1.56,101.90,103.34,-1.44
181,Winthrop,Big South,,18,10,84.3,78.3,6.07,,-3.68,,7.08,-8.67,-1.60,105.79,107.19,-1.41
182,Massachusetts,A-10,,10,17,71.0,72.6,-1.67,,-0.07,,-0.13,-1.60,-1.73,103.98,106.52,-2.54
183,Louisiana,Sun Belt,,16,11,82.0,81.0,1.00,,-0.71,,6.20,-7.99,-1.79,105.12,107.12,-2.01
184,Stony Brook,AEC,,22,6,72.0,65.9,6.11,,-6.82,,-2.79,0.98,-1.82,97.00,99.66,-2.67
185,Indiana State,MVC,,14,14,69.7,71.7,-1.96,,1.19,,-0.61,-1.28,-1.89,101.11,103.20,-2.09
186,Sam Houston State,Southland,,19,9,75.2,69.2,5.96,,-5.29,,-0.83,-1.34,-2.17,101.01,103.75,-2.74
187,Princeton,Ivy,,15,8,70.2,68.6,1.57,,-0.92,,-5.32,3.11,-2.21,97.45,99.73,-2.27
188,Abilene Christian,Southland,,21,6,74.8,64.0,10.81,,-7.32,,-3.85,1.48,-2.37,101.32,103.67,-2.36
189,Pacific,WCC,,13,16,67.1,69.7,-2.62,,1.49,,-5.16,2.72,-2.44,99.75,103.85,-4.10
190,Weber State,Big Sky,,16,11,80.8,74.2,6.63,,-5.33,,2.38,-4.91,-2.53,101.45,104.99,-3.54
191,Illinois-Chicago,Horizon,,15,14,74.6,74.0,0.55,,-1.66,,0.18,-2.76,-2.58,99.21,101.84,-2.63
192,Valparaiso,MVC,,14,15,67.9,66.7,1.24,,-0.61,,-5.79,3.11,-2.69,98.59,102.09,-3.49
193,La Salle,A-10,,8,18,68.5,73.0,-4.50,,1.62,,-1.25,-1.63,-2.88,99.36,102.44,-3.08
194,Marshall,CUSA,,14,13,79.5,83.1,-3.63,,0.55,,8.51,-11.59,-3.08,104.24,107.57,-3.32
195,Oakland,Horizon,,13,16,76.7,77.0,-0.31,,-1.20,,2.22,-5.31,-3.10,108.04,111.90,-3.86
196,Ohio,MAC (East),,12,14,70.1,74.7,-4.62,,3.13,,-2.66,-0.45,-3.11,95.80,100.07,-4.26
197,Purdue-Fort Wayne,Summit,,17,12,83.6,78.2,5.38,,-2.79,,6.47,-9.72,-3.26,106.23,110.39,-4.16
198,Hartford,AEC,,15,13,74.0,72.3,1.79,,-3.69,,-0.17,-3.15,-3.32,103.95,107.78,-3.83
199,Charleston Southern,Big South,,13,14,77.3,71.8,5.52,,-3.22,,-0.27,-3.08,-3.35,100.45,104.40,-3.94
200,Evansville,MVC,,10,19,69.6,72.1,-2.52,,0.68,,-1.97,-1.39,-3.36,98.39,102.77,-4.38
201,Presbyterian,Big South,,17,12,78.8,72.3,6.48,,-4.98,,1.59,-5.03,-3.44,106.41,110.34,-3.93
202,NJIT,A-Sun,,20,9,70.5,67.0,3.45,,-5.91,,-4.59,1.08,-3.51,97.94,102.34,-4.40
203,Appalachian State,Sun Belt,,9,18,80.3,79.5,0.81,,0.94,,5.14,-8.66,-3.52,105.15,109.52,-4.37
204,North Florida,A-Sun,,14,16,75.6,77.6,-1.93,,-0.05,,2.67,-6.22,-3.55,101.46,105.30,-3.85
205,Campbell,Big South,,17,11,75.6,69.8,5.86,,-4.36,,-1.48,-2.08,-3.56,105.56,109.45,-3.89
206,Little Rock,Sun Belt,,10,17,75.2,75.3,-0.07,,-2.34,,-0.03,-3.55,-3.58,100.45,104.55,-4.09
207,Fordham,A-10,,11,16,67.8,67.3,0.44,,-2.22,,-6.01,2.41,-3.60,98.82,103.22,-4.40
208,Air Force,MWC,,12,15,67.8,71.1,-3.30,,0.65,,-3.50,-0.23,-3.73,99.31,104.45,-5.14
209,American,Patriot,,14,13,72.3,69.0,3.30,,-7.05,,-2.89,-0.86,-3.75,99.84,104.61,-4.77
210,Cal State Bakersfield,WAC,,16,11,72.4,70.7,1.63,,-2.39,,-3.41,-0.36,-3.77,101.05,106.29,-5.24
211,Green Bay,Horizon,,15,14,81.6,80.6,0.97,,-0.29,,5.62,-9.39,-3.77,101.61,105.73,-4.13
212,North Dakota State,Summit,,14,14,73.1,72.6,0.54,,-1.44,,-1.73,-2.17,-3.90,103.94,108.98,-5.04
213,Florida International,CUSA,,17,11,84.0,80.6,3.43,,-1.42,,7.86,-11.82,-3.96,100.86,105.01,-4.15
214,Northern Colorado,Big Sky,,17,9,77.2,69.6,7.65,,-6.59,,-2.80,-1.17,-3.96,100.74,105.32,-4.57
215,South Alabama,Sun Belt,,13,14,73.5,72.2,1.30,,-2.68,,-3.23,-0.81,-4.04,99.90,104.62,-4.71
216,William & Mary,CAA,,12,16,75.2,77.5,-2.29,,-1.07,,0.58,-4.64,-4.07,101.44,107.03,-5.59
217,California Baptist,WAC,,15,11,79.8,73.1,6.73,,-5.11,,2.94,-7.18,-4.24,104.36,108.99,-4.63
218,Rider,MAAC,,15,13,76.6,74.9,1.79,,-6.04,,2.85,-7.10,-4.25,99.15,105.24,-6.09
219,Dartmouth,Ivy,,11,15,73.7,70.7,3.00,,-2.47,,-2.06,-2.20,-4.26,103.53,108.86,-5.33
220,University of California,Pac-12,,5,22,68.7,78.9,-10.22,,5.90,,-0.96,-3.36,-4.32,104.09,110.03,-5.94
221,Gardner-Webb,Big South,,18,11,78.9,71.4,7.45,,-5.29,,0.99,-5.36,-4.37,102.82,108.63,-5.81
222,High Point,Big South,,15,13,68.3,67.3,1.04,,-3.98,,-8.88,4.24,-4.64,97.67,103.42,-5.75
223,Maryland-Baltimore County,AEC,,18,11,68.1,63.5,4.66,,-5.31,,-7.74,3.05,-4.69,94.58,100.68,-6.11
224,Hampton,Big South,,12,15,81.4,76.9,4.44,,-4.58,,5.17,-9.87,-4.70,102.11,107.92,-5.80
225,Florida Gulf Coast,A-Sun,,13,17,70.8,73.4,-2.60,,-0.93,,-2.91,-1.83,-4.75,98.57,104.70,-6.12
226,Long Beach State,Big West,,11,18,75.1,77.1,-2.07,,0.69,,1.14,-6.11,-4.97,98.50,104.64,-6.14
227,East Carolina,AAC,,10,16,67.7,72.4,-4.69,,-0.36,,-3.79,-1.27,-5.05,95.98,102.86,-6.88
228,South Dakota,Summit,,11,16,70.2,70.8,-0.63,,-2.35,,-4.73,-0.33,-5.07,98.22,104.62,-6.40
229,Holy Cross,Patriot,,15,14,67.1,68.3,-1.14,,-3.97,,-7.40,2.29,-5.11,99.88,106.84,-6.97
230,George Washington,A-10,,8,19,64.4,71.8,-7.37,,2.03,,-4.28,-1.06,-5.34,96.64,104.25,-7.60
231,Texas Southern,SWAC,,15,11,79.3,78.8,0.46,,-4.27,,4.98,-10.50,-5.52,101.75,107.89,-6.15
232,UC-Davis,Big West,,10,16,65.9,68.6,-2.65,,-0.79,,-7.41,1.74,-5.66,95.51,103.20,-7.69
233,Cornell,Ivy,,13,13,69.5,70.8,-1.31,,-1.91,,-3.89,-1.81,-5.70,97.53,105.74,-8.21
234,Rice,CUSA,,11,17,74.5,78.2,-3.71,,-0.89,,2.87,-8.57,-5.70,102.75,109.79,-7.04
235,Troy,Sun Belt,,11,15,74.3,75.6,-1.35,,-0.91,,-1.20,-4.49,-5.70,102.32,109.44,-7.13
236,Quinnipiac,MAAC,,15,12,73.6,72.0,1.59,,-7.32,,-1.60,-4.13,-5.73,100.76,108.66,-7.90
237,Middle Tennessee,CUSA,,9,19,67.9,74.1,-6.21,,2.95,,-4.36,-1.45,-5.82,97.35,104.76,-7.41
238,Missouri-Kansas City,WAC,,10,18,69.8,73.5,-3.71,,-0.69,,-4.51,-1.37,-5.88,98.70,106.57,-7.86
239,Boston University,Patriot,,13,16,72.0,71.8,0.17,,-4.77,,-3.57,-2.34,-5.91,100.29,108.11,-7.82
240,Iona,MAAC,,13,15,76.6,76.9,-0.25,,-5.66,,3.01,-8.92,-5.91,102.95,110.60,-7.65
241,Western Michigan,MAC (West),,8,19,71.3,76.7,-5.41,,1.47,,-0.86,-5.10,-5.95,98.79,106.75,-7.96
242,Detroit Mercy,Horizon,,10,18,72.6,78.6,-5.96,,-0.17,,-0.37,-5.76,-6.13,101.85,109.83,-7.98
243,Drexel,CAA,,13,16,76.6,77.0,-0.38,,-3.09,,1.58,-7.81,-6.23,104.42,112.27,-7.84
244,Columbia,Ivy,,7,17,72.7,73.0,-0.25,,-2.12,,-2.03,-4.27,-6.30,97.77,106.22,-8.45
245,Arkansas State,Sun Belt,,12,15,74.1,77.1,-2.93,,-0.94,,0.26,-6.76,-6.50,99.95,108.66,-8.71
246,Cal State Northridge,Big West,,11,17,76.7,79.8,-3.14,,-3.26,,3.39,-10.05,-6.67,103.43,112.44,-9.02
247,Texas-El Paso,CUSA,,8,18,65.4,69.8,-4.42,,-0.47,,-8.01,1.33,-6.68,90.58,99.52,-8.93
248,Citadel,Southern,,12,15,85.5,85.3,0.19,,0.68,,7.72,-14.50,-6.78,105.17,113.21,-8.04
249,Lamar,Southland,,16,12,77.5,69.8,7.68,,-5.96,,-1.88,-5.03,-6.92,98.00,106.63,-8.62
250,Fairleigh Dickinson,NEC,,15,13,75.7,73.3,2.43,,-7.14,,0.32,-7.43,-7.10,102.86,112.25,-9.38
251,Towson,CAA,,10,19,67.8,71.3,-3.48,,-2.62,,-7.17,-0.02,-7.19,97.98,108.25,-10.27
252,Siena,MAAC,,15,14,63.9,65.2,-1.31,,-5.99,,-9.71,2.41,-7.30,100.14,110.45,-10.32
253,Montana State,Big Sky,,12,14,77.8,80.0,-2.27,,-4.36,,2.28,-9.60,-7.32,103.41,113.29,-9.87
254,Youngstown State,Horizon,,12,18,75.0,78.3,-3.27,,-1.65,,-0.84,-6.48,-7.32,101.84,111.43,-9.59
255,Morehead State,OVC,,11,18,74.1,77.0,-2.90,,-1.54,,-2.54,-4.82,-7.36,100.15,109.35,-9.20
256,Jacksonville,A-Sun,,12,17,75.8,75.3,0.48,,-4.62,,-0.91,-6.49,-7.39,96.51,106.19,-9.68
257,Chattanooga,Southern,,12,17,72.4,74.4,-1.97,,-1.51,,-3.74,-3.73,-7.47,100.54,109.99,-9.44
258,Massachusetts-Lowell,AEC,,14,15,77.9,76.1,1.79,,-6.64,,2.44,-9.97,-7.53,101.96,112.26,-10.30
259,Houston Baptist,Southland,,10,15,81.5,81.6,-0.12,,-3.59,,5.03,-12.57,-7.54,99.91,109.87,-9.96
260,James Madison,CAA,,13,16,70.9,73.0,-2.07,,-3.47,,-4.60,-2.98,-7.58,99.16,109.84,-10.68
261,North Carolina-Wilmington,CAA,,9,21,76.7,81.1,-4.40,,-1.68,,1.66,-9.24,-7.58,103.88,114.08,-10.21
262,Texas A&M-Corpus Christi,Southland,,11,16,66.7,66.2,0.48,,-3.91,,-9.76,2.16,-7.61,93.90,104.22,-10.32
263,Eastern Kentucky,OVC,,12,17,82.9,83.4,-0.55,,-2.34,,6.13,-13.81,-7.68,96.92,105.62,-8.70
264,Army,Patriot,,12,17,71.0,72.4,-1.41,,-4.41,,-4.78,-2.91,-7.69,94.40,104.38,-9.98
265,Tulane,AAC,,4,22,66.6,77.3,-10.73,,2.89,,-4.40,-3.44,-7.84,94.30,104.62,-10.33
266,New Orleans,Southland,,16,10,72.0,68.6,3.46,,-6.11,,-5.95,-1.92,-7.88,93.07,103.43,-10.36
267,Delaware,CAA,,16,13,71.0,70.9,0.10,,-5.50,,-4.74,-3.17,-7.91,101.59,112.29,-10.70
268,Southeastern Louisiana,Southland,,14,14,66.6,68.0,-1.32,,-5.19,,-9.50,1.50,-8.00,94.56,105.09,-10.53
269,Cleveland State,Horizon,,9,21,73.7,78.6,-4.87,,-1.01,,-1.23,-6.77,-8.01,99.59,110.16,-10.57
270,Sacred Heart,NEC,,13,16,79.8,79.0,0.83,,-7.37,,2.62,-10.63,-8.01,100.16,110.86,-10.69
271,Canisius,MAAC,,13,15,70.4,74.6,-4.29,,-3.78,,-3.06,-5.01,-8.07,98.41,109.51,-11.10
272,Saint Francis (PA),NEC,,15,12,76.4,75.6,0.81,,-5.57,,-1.93,-6.24,-8.17,100.29,111.29,-11.00
273,Eastern Washington,Big Sky,,11,16,71.7,75.9,-4.22,,-3.14,,-3.31,-4.94,-8.25,97.05,108.55,-11.51
274,Marist,MAAC,,12,16,68.2,69.4,-1.14,,-7.11,,-6.89,-1.37,-8.25,99.11,110.44,-11.33
275,Norfolk State,MEAC,,17,11,74.0,69.8,4.18,,-7.94,,-3.53,-4.78,-8.30,96.60,107.52,-10.92
276,Sacramento State,Big Sky,,12,13,70.6,68.5,2.08,,-6.25,,-7.32,-1.02,-8.34,93.28,104.59,-11.31
277,North Dakota,Summit,,11,16,73.8,72.4,1.41,,-3.04,,-4.88,-3.46,-8.35,94.28,105.30,-11.02
278,Charlotte,CUSA,,6,20,60.0,68.7,-8.65,,0.17,,-11.17,2.69,-8.48,93.23,105.38,-12.14
279,Western Carolina,Southern,,7,23,71.6,79.5,-7.97,,1.08,,-1.54,-6.97,-8.51,98.13,109.31,-11.18
280,Albany (NY),AEC,,11,17,67.3,69.7,-2.39,,-5.69,,-6.86,-1.94,-8.80,94.82,107.24,-12.42
281,Robert Morris,NEC,,15,14,69.6,67.6,2.00,,-7.10,,-9.76,0.96,-8.80,90.99,102.54,-11.55
282,Loyola (MD),Patriot,,10,19,72.7,77.7,-5.03,,-4.03,,-2.15,-6.91,-9.06,97.95,109.99,-12.04
283,Prairie View,SWAC,,14,12,73.3,74.8,-1.54,,-6.83,,-1.65,-7.42,-9.07,97.07,108.61,-11.55
284,Milwaukee,Horizon,,9,20,70.0,75.3,-5.38,,-2.70,,-6.12,-2.98,-9.09,97.26,109.54,-12.29
285,Western Illinois,Summit,,9,18,71.6,72.6,-0.96,,-5.49,,-6.42,-2.79,-9.21,95.10,107.63,-12.54
286,Longwood,Big South,,15,15,70.3,70.0,0.33,,-7.56,,-6.50,-2.73,-9.23,94.87,107.59,-12.72
287,Stephen F. Austin,Southland,,14,12,70.7,71.1,-0.42,,-5.29,,-5.07,-4.17,-9.24,93.60,106.06,-12.46
288,Oral Roberts,Summit,,10,20,71.9,77.2,-5.33,,-1.61,,-3.72,-5.54,-9.26,99.52,112.17,-12.65
289,Portland State,Big Sky,,13,14,78.0,75.6,2.41,,-5.19,,-1.15,-8.12,-9.27,97.88,110.27,-12.39
290,Southern Utah,Big Sky,,14,12,76.8,75.8,1.00,,-6.49,,-2.80,-6.48,-9.28,94.50,106.82,-12.32
291,St. Francis (NY),NEC,,16,13,71.1,70.0,1.10,,-7.61,,-7.19,-2.16,-9.35,92.52,105.47,-12.95
292,Grambling,SWAC,,13,14,71.1,68.9,2.26,,-7.86,,-6.61,-2.95,-9.57,90.09,102.69,-12.60
293,Long Island University,NEC,,13,15,74.0,74.4,-0.36,,-8.18,,-2.08,-7.69,-9.77,95.05,108.52,-13.47
294,Fairfield,MAAC,,8,20,68.1,71.6,-3.43,,-6.51,,-5.76,-4.17,-9.94,94.69,108.54,-13.85
295,Portland,WCC,,7,22,66.2,75.1,-8.90,,0.57,,-6.50,-3.52,-10.02,94.39,108.07,-13.69
296,Wyoming,MWC,,6,21,64.3,75.2,-10.89,,1.25,,-7.30,-2.84,-10.14,91.91,105.49,-13.59
297,Tennessee-Martin,OVC,,10,17,75.5,78.9,-3.33,,-4.23,,-1.35,-8.96,-10.31,101.30,114.56,-13.26
298,UC-Riverside,Big West,,9,19,66.6,69.2,-2.57,,-3.10,,-8.64,-1.82,-10.46,98.08,113.38,-15.30
299,Bethune-Cookman,MEAC,,13,15,73.8,71.6,2.11,,-8.67,,-4.93,-5.70,-10.63,91.92,105.85,-13.93
300,Northern Arizona,Big Sky,,9,18,73.2,77.9,-4.67,,-6.01,,-2.71,-7.97,-10.68,98.48,113.11,-14.63
301,Tennessee State,OVC,,9,19,72.2,76.9,-4.64,,-2.42,,-5.06,-5.70,-10.76,96.12,109.42,-13.30
302,Wagner,NEC,,13,14,66.5,67.0,-0.44,,-7.19,,-13.12,2.25,-10.87,90.60,105.71,-15.11
303,Monmouth,MAAC,,10,20,63.9,71.1,-7.17,,-3.73,,-10.17,-0.72,-10.90,88.64,103.58,-14.95
304,North Carolina Central,MEAC,,14,14,72.9,67.3,5.57,,-10.38,,-8.39,-2.63,-11.02,94.56,109.36,-14.80
305,Niagara,MAAC,,12,17,72.2,75.9,-3.62,,-7.41,,-1.70,-9.33,-11.03,98.71,114.20,-15.49
306,Navy,Patriot,,9,18,66.2,73.6,-7.37,,-3.73,,-7.96,-3.14,-11.10,93.18,108.22,-15.04
307,Lafayette,Patriot,,10,17,73.4,78.1,-4.70,,-4.65,,-2.11,-9.00,-11.11,98.64,113.50,-14.86
308,Eastern Illinois,OVC,,14,15,72.0,76.8,-4.83,,-4.61,,-4.76,-6.74,-11.50,97.72,113.05,-15.32
309,VMI,Southern,,8,20,75.0,81.6,-6.64,,0.80,,0.38,-11.94,-11.56,98.56,113.58,-15.01
310,Nicholls State,Southland,,12,15,72.7,74.6,-1.93,,-5.48,,-4.81,-6.84,-11.65,95.14,110.88,-15.75
311,North Alabama,A-Sun,,9,20,66.7,73.8,-7.07,,-1.67,,-7.57,-4.18,-11.75,92.27,107.72,-15.45
312,Southeast Missouri State,OVC,,9,20,71.1,76.6,-5.48,,-4.49,,-5.61,-6.21,-11.82,94.12,109.96,-15.85
313,Idaho State,Big Sky,,9,16,73.8,78.8,-5.00,,-3.72,,-3.03,-8.87,-11.90,101.06,117.52,-16.46
314,North Carolina A&T,MEAC,,15,12,70.2,70.9,-0.63,,-8.53,,-7.88,-4.24,-12.13,94.00,110.38,-16.38
315,Saint Peter's,MAAC,,8,20,62.4,68.8,-6.36,,-5.82,,-12.02,-0.16,-12.18,91.47,108.58,-17.12
316,Howard,MEAC,,13,15,78.9,78.4,0.54,,-8.66,,-0.19,-12.23,-12.42,98.53,114.30,-15.76
317,Central Connecticut State,NEC,,11,18,72.1,76.3,-4.17,,-6.12,,-3.14,-9.31,-12.45,95.90,113.27,-17.37
318,Elon,CAA,,9,20,69.7,76.8,-7.14,,-2.57,,-5.90,-6.56,-12.46,94.83,111.93,-17.10
319,Cal Poly,Big West,,6,19,64.6,72.0,-7.40,,-3.32,,-8.88,-3.70,-12.58,92.69,110.65,-17.97
320,Central Arkansas,Southland,,10,17,71.7,76.9,-5.11,,-3.41,,-2.72,-9.85,-12.58,94.94,111.33,-16.39
321,Denver,Summit,,7,21,69.1,78.1,-8.96,,-2.39,,-5.44,-7.14,-12.58,97.58,115.02,-17.44
322,Manhattan,MAAC,,9,19,57.0,63.2,-6.21,,-6.51,,-17.49,4.76,-12.72,86.43,104.92,-18.49
323,McNeese State,Southland,,8,19,70.1,74.1,-4.00,,-5.17,,-6.01,-6.86,-12.87,97.43,115.44,-18.01
324,Florida A&M,MEAC,,11,18,62.8,66.8,-4.03,,-7.69,,-14.51,1.41,-13.10,87.71,105.74,-18.04
325,Alabama State,SWAC,,10,14,67.9,70.8,-2.96,,-6.57,,-8.54,-4.72,-13.26,91.20,109.14,-17.94
326,Maine,AEC,,5,23,62.8,70.9,-8.14,,-2.80,,-10.66,-2.63,-13.28,91.29,111.03,-19.74
327,Binghamton,AEC,,8,20,64.5,71.1,-6.61,,-4.36,,-11.29,-2.57,-13.86,90.92,110.81,-19.90
328,Morgan State,MEAC,,8,17,72.0,77.2,-5.12,,-8.25,,-4.31,-9.73,-14.03,89.70,108.06,-18.36
329,SIU Edwardsville,OVC,,9,19,73.2,81.5,-8.36,,-4.57,,-3.58,-10.68,-14.26,94.06,113.18,-19.12
330,Mount St. Mary's,NEC,,8,21,67.6,74.1,-6.55,,-5.23,,-9.45,-4.82,-14.27,91.64,110.86,-19.23
331,Bryant,NEC,,10,17,70.1,77.5,-7.33,,-7.13,,-5.13,-9.34,-14.47,96.89,116.26,-19.37
332,South Carolina Upstate,Big South,,6,23,68.0,74.0,-6.00,,-4.23,,-8.79,-5.75,-14.54,90.31,110.34,-20.03
333,Stetson,A-Sun,,7,22,69.0,78.2,-9.21,,-2.66,,-5.19,-9.47,-14.66,94.80,113.67,-18.87
334,Tennessee Tech,OVC,,7,22,68.0,76.4,-8.41,,-2.10,,-11.76,-2.90,-14.66,87.26,106.52,-19.26
335,Jackson State,SWAC,,10,17,61.6,67.3,-5.67,,-7.60,,-14.89,0.17,-14.72,85.74,105.38,-19.64
336,San Jose State,MWC,,3,23,65.0,80.0,-15.00,,1.14,,-7.88,-7.26,-15.14,90.59,111.23,-20.64
337,Arkansas-Pine Bluff,SWAC,,11,16,66.5,73.4,-6.93,,-6.71,,-8.23,-6.95,-15.17,91.59,112.14,-20.55
338,Northwestern State,Southland,,10,17,66.9,74.0,-7.15,,-4.43,,-9.92,-5.93,-15.85,87.39,108.64,-21.25
339,South Carolina State,MEAC,,7,22,69.2,75.9,-6.66,,-6.64,,-7.88,-8.46,-16.34,93.14,115.44,-22.30
340,Kennesaw State,A-Sun,,5,24,62.7,76.2,-13.59,,-1.10,,-11.69,-5.08,-16.77,86.94,109.34,-22.40
341,Southern,SWAC,,5,22,64.7,75.0,-10.26,,-6.13,,-10.34,-6.78,-17.13,90.40,113.87,-23.47
342,Incarnate Word,Southland,,6,21,64.8,74.6,-9.81,,-3.95,,-10.31,-7.86,-18.17,93.08,118.74,-25.65
343,North Carolina-Asheville,Big South,,4,24,59.9,73.3,-13.39,,-1.93,,-16.69,-1.56,-18.25,87.94,114.53,-26.59
344,Coppin State,MEAC,,6,22,63.5,76.5,-13.07,,-5.32,,-10.80,-7.59,-18.39,85.04,110.05,-25.01
345,Alabama A&M,SWAC,,5,22,61.2,72.4,-11.19,,-7.44,,-14.24,-4.39,-18.63,85.31,111.22,-25.91
346,Idaho,Big Sky,,4,23,67.3,76.5,-9.19,,-5.34,,-10.97,-7.95,-18.92,91.94,119.41,-27.47
347,New Hampshire,AEC,,3,23,60.3,70.1,-9.85,,-4.89,,-17.56,-1.87,-19.43,81.14,109.28,-28.14
348,Savannah State,MEAC,,10,17,76.6,88.6,-11.96,,-7.23,,1.25,-21.29,-20.04,92.87,117.59,-24.71
349,Alcorn State,SWAC,,9,17,64.8,69.0,-4.19,,-8.12,,-15.28,-4.84,-20.12,85.32,113.17,-27.85
350,Mississippi Valley State,SWAC,,5,23,63.8,77.9,-14.11,,-5.91,,-11.19,-10.82,-22.02,86.08,115.90,-29.82
351,Maryland-Eastern Shore,MEAC,,5,24,56.2,72.1,-15.86,,-5.90,,-20.55,-3.53,-24.09,81.66,117.12,-35.47
352,Chicago State,WAC,,3,25,61.6,84.8,-23.18,,0.95,,-11.00,-13.98,-24.98,85.27,119.11,-33.85
353,Delaware State,MEAC,,4,21,62.8,78.0,-15.16,,-8.06,,-15.37,-12.17,-27.54,80.01,116.60,-36.59
