,,Overall,Overall,Overall,Overall,Overall,Overall,Conf.,Conf.,Home,Home,Away,Away,Points,Points,,School Advanced,School Advanced,School Advanced,School Advanced,School Advanced,School Advanced,School Advanced,School Advanced,School Advanced,School Advanced,School Advanced,School Advanced,School Advanced
Rk,School,G,W,L,W-L%,SRS,SOS,W,L,W,L,W,L,Tm.,Opp.,,Pace,ORtg,FTr,3PAr,TS%,TRB%,AST%,STL%,BLK%,eFG%,TOV%,ORB%,FT/FGA
1,Air Force,26,10,16,.385,-4.00,2.53,2,12,,,,,1981,2085,,,99.9,.411,.433,.487,50.6,44.7,10.5,7.1,.438,15.6,37.1,.288
2,Akron,27,18,9,.667,5.15,1.11,12,6,,,,,2031,1905,,,107.5,.462,.293,.556,48.2,57.1,11.5,6.3,.505,16.6,33.2,.347
3,Alabama-Birmingham NCAA,32,20,12,.625,8.87,5.40,10,6,,,,,2368,2257,,,101.2,.392,.254,.528,51.4,54.4,12.5,7.1,.494,19.6,37.7,.266
4,Alabama State,27,11,16,.407,-15.31,-9.83,8,8,,,,,1815,1891,,,94.0,.470,.265,.496,52.0,47.8,12.6,5.7,.455,22.2,40.1,.303
5,Alabama,32,17,15,.531,5.73,6.66,6,10,,,,,2144,2174,,,96.9,.346,.221,.509,51.1,49.0,10.5,9.4,.469,20.3,37.9,.246
6,Alcorn State NCAA,30,23,7,.767,-2.88,-10.48,14,2,,,,,2274,2007,,,99.4,.406,.303,.501,54.7,50.8,14.4,9.7,.467,20.3,43.4,.261
7,American,28,7,21,.250,-8.95,-1.60,2,14,,,,,1805,1951,,,89.1,.334,.236,.460,52.7,48.6,11.6,8.8,.427,21.1,39.5,.213
8,Appalachian State,29,21,8,.724,-0.48,-5.32,13,3,,,,,2168,1916,,,103.4,.430,.223,.542,52.1,59.9,14.6,9.1,.508,18.6,35.9,.288
9,Arizona State,30,14,16,.467,9.04,8.25,6,12,,,,,2236,2167,,,101.8,.356,.292,.525,51.3,63.7,11.3,6.5,.490,17.8,34.6,.248
10,Arizona NCAA,29,22,7,.759,15.28,8.31,13,5,,,,,2383,2181,,,108.6,.482,.233,.553,55.4,51.1,9.7,7.6,.508,18.4,42.7,.342
11,Little Rock,27,12,15,.444,-7.74,-2.94,5,9,,,,,1790,1904,,,102.4,.333,.329,.556,48.8,52.9,7.3,6.0,.528,19.5,30.9,.230
12,Arkansas-Pine Bluff,27,3,24,.111,-27.20,-8.07,1,15,,,,,1891,2313,,,85.6,.288,.249,.452,45.2,47.7,11.1,7.0,.429,18.8,32.2,.170
13,Arkansas State NCAA,30,18,12,.600,3.31,-0.72,9,5,,,,,2206,2061,,,102.7,.375,.279,.536,48.3,56.0,12.3,8.5,.502,17.9,33.6,.258
14,Arkansas NCAA,34,23,11,.676,12.83,6.01,9,7,,,,,2675,2443,,73.5,106.7,.286,.366,.534,48.0,57.4,13.2,10.9,.511,16.5,36.2,.190
15,Army,27,8,19,.296,-22.35,-6.51,4,8,,,,,1615,1968,,,83.9,.327,.283,.479,44.2,53.3,10.8,6.1,.436,22.2,26.4,.234
16,Auburn NCAA,33,29,4,.879,24.54,4.93,14,2,,,,,2680,2033,,72.2,112.5,.341,.299,.514,55.8,47.3,13.7,9.1,.486,14.0,46.2,.222
17,Austin Peay,27,11,16,.407,-7.86,-4.94,9,9,,,,,1959,2037,,,102.9,.360,.317,.541,51.0,52.0,9.8,8.9,.514,19.8,37.0,.239
18,Ball State,27,16,11,.593,1.57,1.38,10,8,,,,,1798,1760,,,97.1,.377,.280,.493,49.8,50.6,11.3,7.6,.457,17.1,33.8,.246
19,Baylor,30,6,24,.200,-5.64,3.46,0,16,,,,,1846,2107,,,87.4,.353,.332,.464,48.8,47.8,10.3,9.2,.426,20.7,33.2,.232
20,Bethune-Cookman,27,11,16,.407,-12.37,-9.08,10,9,,,,,1791,1879,,,94.5,.417,.254,.519,47.8,57.6,11.3,6.5,.477,21.0,31.6,.289
21,Boise State,29,21,8,.724,2.86,-3.25,12,4,,,,,1987,1790,,,102.6,.430,.317,.558,50.3,56.7,14.3,9.6,.520,20.9,36.1,.305
22,Boston College,27,6,21,.222,-1.22,7.78,3,15,,,,,1689,1932,,,89.4,.288,.304,.488,44.9,50.5,13.8,6.8,.460,21.1,32.2,.191
23,Boston University,27,9,18,.333,-9.35,-6.09,5,13,,,,,1736,1824,,,92.7,.385,.327,.497,49.6,63.0,9.9,5.5,.466,20.3,32.2,.243
24,Bowling Green State,28,18,10,.643,6.89,2.43,12,6,,,,,1980,1824,,,101.6,.426,.270,.547,51.0,55.0,12.9,8.4,.503,19.0,31.0,.309
25,Bradley,29,17,12,.586,6.82,5.13,11,7,,,,,1824,1775,,,95.7,.422,.326,.529,50.4,54.7,13.1,11.2,.489,22.1,34.0,.292
26,Brigham Young,28,12,16,.429,2.65,4.29,6,8,,,,,2009,2055,,,99.3,.455,.319,.555,51.1,53.5,9.3,8.0,.510,21.1,31.1,.330
27,Brown,26,4,22,.154,-18.99,-7.26,2,12,,,,,1578,1883,,,92.4,.331,.330,.505,45.9,53.1,8.7,4.8,.460,19.4,27.7,.248
28,Bucknell,29,16,13,.552,-5.30,-7.82,9,3,,,,,1939,1779,,,97.1,.420,.334,.529,51.5,60.8,12.0,11.2,.494,21.7,34.3,.281
29,Buffalo,29,5,24,.172,-15.04,0.54,1,17,,,,,1709,2141,,,82.5,.319,.324,.453,46.6,61.7,9.2,7.8,.415,22.7,32.6,.214
30,Butler,32,22,10,.688,5.04,1.40,11,3,,,,,2032,1921,,,97.5,.489,.242,.526,51.5,63.8,11.1,5.6,.479,19.5,31.8,.337
31,Cal Poly,27,11,16,.407,-7.06,-3.90,6,10,,,,,2293,2298,,,106.5,.355,.402,.545,47.1,52.4,10.3,4.7,.507,16.6,34.0,.260
32,Cal State Fullerton,27,13,14,.481,-7.99,-2.72,7,9,,,,,1891,1998,,,98.3,.431,.307,.523,49.6,56.2,9.4,7.5,.485,19.9,34.0,.290
33,Cal State Northridge,29,17,12,.586,0.79,-1.58,9,7,,,,,2378,2235,,,103.9,.384,.312,.550,50.4,60.2,13.5,6.8,.524,19.7,36.6,.254
34,UC-Irvine,26,6,20,.231,-8.42,-1.63,2,14,,,,,1692,1821,,,94.7,.353,.355,.533,46.3,58.6,9.7,6.7,.500,21.5,27.1,.247
35,UC-Santa Barbara,28,15,13,.536,-2.74,-3.16,12,4,,,,,1971,1942,,,99.0,.335,.232,.509,52.1,61.4,11.9,5.4,.483,18.3,37.1,.215
36,University of California,33,22,11,.667,11.94,7.85,8,10,,,,,2406,2267,,,99.5,.410,.188,.501,48.5,48.2,11.5,9.1,.461,15.9,34.5,.275
37,Campbell,27,9,18,.333,-16.27,-7.63,6,10,,,,,1721,1934,,,94.7,.287,.364,.519,48.0,60.5,8.5,7.8,.495,21.8,33.6,.191
38,Canisius,27,15,12,.556,-7.03,-4.77,11,7,,,,,1918,1979,,,103.0,.421,.260,.540,48.5,63.3,8.8,7.3,.500,19.4,37.3,.295
39,Centenary (LA),28,14,14,.500,-10.73,-7.13,9,7,,,,,1765,1853,,,,.437,.282,.521,48.5,48.4,,6.8,.479,19.7,,.300
40,Central Connecticut State,32,19,13,.594,-7.37,-10.40,11,9,,,,,2263,2182,,,101.1,.406,.208,.517,52.2,52.8,12.5,10.7,.480,19.2,40.2,.273
41,Central Florida,29,19,10,.655,-2.21,-5.29,13,3,,,,,2107,2009,,,103.6,.344,.311,.552,52.1,55.0,10.0,8.6,.521,20.8,39.4,.243
42,Central Michigan,26,10,16,.385,-3.10,0.62,7,11,,,,,1824,1879,,,96.6,.456,.283,.528,48.0,56.0,10.1,7.8,.482,20.1,30.3,.321
43,Charleston Southern,28,12,16,.429,-14.36,-7.88,4,6,,,,,2022,2149,,,96.5,.467,.227,.541,48.9,50.2,12.9,9.5,.498,22.2,33.6,.325
44,Charlotte NCAA,34,23,11,.676,10.54,7.13,10,6,,,,,2336,2220,,,103.5,.390,.353,.518,50.8,54.5,10.7,7.8,.483,17.0,37.7,.262
45,Chattanooga,28,16,12,.571,-4.25,-5.75,9,7,,,,,1898,1820,,,102.2,.369,.301,.523,51.7,55.4,10.1,9.4,.488,18.9,38.5,.253
46,Chicago State,27,3,24,.111,-21.53,-0.41,3,11,,,,,1475,2026,,,79.6,.221,.334,.419,44.8,54.2,11.2,7.3,.395,20.1,32.0,.136
47,Cincinnati NCAA,33,27,6,.818,19.95,7.70,12,4,,,,,2440,2020,,,109.9,.379,.265,.539,54.5,52.2,11.5,11.7,.507,17.4,42.7,.257
48,Citadel,27,9,18,.333,-18.06,-7.19,3,13,,,,,1693,1821,,,92.5,.355,.361,.513,47.4,56.1,10.9,7.5,.488,21.8,30.8,.222
49,Clemson,35,20,15,.571,13.44,6.59,5,11,,,,,2508,2263,,,106.9,.440,.348,.543,56.0,60.1,9.7,10.1,.520,18.8,41.0,.273
50,Cleveland State,28,14,14,.500,-1.73,0.27,6,8,,,,,1978,1996,,,100.0,.449,.264,.525,52.9,51.6,11.1,7.3,.492,20.9,45.7,.289
51,Coastal Carolina,27,7,20,.259,-20.40,-8.35,4,6,,,,,1935,2169,,,95.9,.322,.325,.518,47.1,49.6,11.4,4.3,.486,21.6,36.2,.222
52,Colgate,28,14,14,.500,-8.07,-7.22,7,5,,,,,1826,1799,,,94.1,.434,.218,.511,50.9,52.1,12.2,5.4,.478,21.3,34.6,.277
53,College of Charleston NCAA,31,28,3,.903,6.02,-6.59,16,0,,,,,2258,1834,,,109.1,.381,.224,.562,54.8,52.8,13.7,17.0,.529,18.2,40.1,.269
54,Colorado State,30,19,11,.633,8.64,3.02,7,7,,,,,2168,1991,,,104.3,.429,.327,.541,48.6,53.1,11.5,10.3,.509,17.1,31.5,.286
55,Colorado,33,18,15,.545,7.15,4.86,7,9,,,,,2411,2257,,,98.8,.383,.312,.504,49.2,57.4,11.5,9.7,.468,16.9,32.0,.254
56,Columbia,26,10,16,.385,-14.50,-6.62,5,9,,,,,1520,1692,,,90.4,.390,.354,.501,45.0,57.6,14.0,5.2,.472,19.7,25.5,.245
57,Connecticut NCAA,36,34,2,.944,24.74,8.80,16,2,,,,,2781,2207,,,109.4,.411,.240,.551,54.9,55.9,11.3,9.6,.508,17.2,41.1,.301
58,Coppin State,29,15,14,.517,-6.87,-6.98,14,4,,,,,1992,1989,,,97.1,.428,.359,.503,49.8,52.3,11.3,7.6,.454,19.4,36.4,.302
59,Cornell,26,11,15,.423,-9.69,-7.57,6,8,,,,,1667,1710,,,96.5,.332,.306,.504,53.1,50.5,9.9,11.5,.479,19.8,36.0,.209
60,Creighton NCAA,31,22,9,.710,12.24,4.86,11,7,,,,,2357,2128,,,109.2,.415,.352,.560,54.3,56.4,13.3,8.7,.522,18.5,39.7,.297
61,Dartmouth,26,14,12,.538,-9.80,-6.96,10,4,,,,,1673,1727,,,96.4,.345,.364,.519,49.9,58.3,8.6,8.9,.483,20.0,30.7,.243
62,Davidson,27,16,11,.593,-1.47,-5.64,11,5,,,,,2058,1844,,,106.0,.368,.337,.550,53.2,61.2,12.6,7.2,.524,19.4,38.6,.244
63,Dayton,28,11,17,.393,5.21,5.42,5,11,,,,,1900,1906,,,97.0,.386,.331,.498,49.4,55.7,10.4,6.7,.449,18.8,36.1,.281
64,Delaware State,27,8,19,.296,-20.10,-11.87,5,13,,,,,2007,2203,,,97.8,.412,.343,.527,47.3,47.2,10.3,8.0,.483,21.6,36.9,.284
65,Delaware NCAA,31,25,6,.806,1.64,-7.88,15,3,,,,,2394,2099,,,106.0,.409,.313,.565,49.5,54.3,10.4,10.2,.526,17.7,30.0,.297
66,Denver,27,10,17,.370,-10.06,-4.09,,,,,,,1988,2149,,,97.4,.305,.336,.514,48.0,57.4,6.3,7.9,.477,17.6,28.4,.222
67,DePaul,31,18,13,.581,9.07,7.88,10,6,,,,,2253,2216,,,104.5,.353,.293,.508,53.4,49.4,11.5,4.0,.475,17.5,43.7,.238
68,Detroit Mercy NCAA,31,25,6,.806,8.12,-0.14,12,2,,,,,1966,1713,,,104.6,.357,.349,.542,51.1,57.9,10.1,8.1,.500,17.6,34.2,.268
69,Drake,27,10,17,.370,-1.89,5.22,5,13,,,,,1758,1915,,,93.3,.383,.415,.507,49.3,63.1,12.0,3.3,.468,21.2,31.7,.263
70,Drexel,29,20,9,.690,-1.59,-6.73,15,3,,,,,2036,1887,,,103.2,.363,.305,.521,51.3,57.8,8.1,5.2,.492,16.6,33.0,.239
71,Duke NCAA,39,37,2,.949,34.80,10.14,16,0,,,,,3581,2619,,,121.3,.469,.305,.605,55.8,50.9,11.8,13.2,.574,16.2,44.3,.330
72,Duquesne,28,5,23,.179,-7.59,4.04,1,15,,,,,1733,2018,,,88.4,.430,.303,.455,50.0,45.9,9.6,10.4,.410,19.0,35.6,.276
73,East Carolina,27,13,14,.481,-3.53,-2.65,7,9,,,,,1707,1720,,,97.5,.368,.315,.513,50.4,60.0,7.9,9.9,.482,19.5,34.3,.241
74,East Tennessee State,28,17,11,.607,-6.63,-6.39,9,7,,,,,2027,1937,,,104.2,.436,.242,.542,54.0,58.3,10.2,4.0,.512,19.3,39.7,.285
75,Eastern Illinois,29,13,16,.448,-6.87,-3.80,8,10,,,,,2073,2133,,,102.3,.303,.334,.523,49.1,59.5,11.0,6.4,.495,17.4,35.3,.208
76,Eastern Kentucky,26,3,23,.115,-19.21,-3.05,2,16,,,,,1702,2104,,,89.3,.305,.306,.478,46.3,50.2,8.8,5.7,.449,20.0,31.1,.198
77,Eastern Michigan,25,5,20,.200,-5.72,4.24,5,13,,,,,1490,1739,,,86.3,.339,.281,.462,50.9,49.4,11.8,11.4,.434,22.9,37.7,.205
78,Eastern Washington,27,10,17,.370,-5.28,-0.60,7,9,,,,,1991,2071,,,98.9,.301,.386,.518,47.7,56.2,11.2,7.4,.496,17.5,30.0,.191
79,Evansville NCAA,33,23,10,.697,5.89,3.73,13,5,,,,,2502,2369,,,108.2,.384,.324,.609,49.9,64.6,9.0,4.7,.571,20.2,28.2,.296
80,Fairfield,27,12,15,.444,-4.67,-1.74,7,11,,,,,2111,2190,,,96.8,.481,.331,.501,49.4,50.8,12.9,7.5,.473,20.0,38.3,.286
81,Fairleigh Dickinson,28,12,16,.429,-8.47,-6.69,9,11,,,,,1843,1870,,,95.6,.463,.353,.519,55.3,56.4,10.9,11.7,.487,23.8,42.6,.293
82,Florida A&M NCAA,31,12,19,.387,-14.63,-9.79,8,11,,,,,2252,2402,,,93.1,.456,.267,.466,51.6,41.1,12.6,7.2,.425,19.3,40.5,.285
83,Florida Atlantic,26,6,20,.231,-15.96,-4.92,3,13,,,,,1875,2143,,,95.9,.405,.385,.511,44.3,52.6,13.9,4.2,.471,19.0,31.1,.277
84,Florida International,29,13,16,.448,0.85,0.92,7,7,,,,,2011,2013,,,100.9,.365,.374,.550,49.4,58.3,10.9,5.7,.523,20.6,33.0,.246
85,Florida State,30,13,17,.433,8.71,11.45,5,11,,,,,2118,2200,,,99.3,.361,.305,.525,47.4,58.4,12.4,7.8,.496,19.0,34.2,.238
86,Florida NCAA,31,22,9,.710,15.69,5.63,10,6,,,,,2488,2176,,,107.1,.433,.433,.587,50.7,59.5,13.4,9.6,.555,20.8,34.5,.304
87,Fordham,27,12,15,.444,-1.59,1.93,5,11,,,,,1784,1879,,,97.6,.404,.327,.506,49.4,55.3,11.9,5.3,.462,19.0,36.7,.281
88,Fresno State,33,21,12,.636,7.72,3.66,9,5,,,,,2635,2505,,,104.8,.305,.352,.541,46.9,61.2,12.9,11.2,.519,16.7,33.3,.199
89,Furman,28,12,16,.429,-9.67,-6.49,5,11,,,,,1878,1942,,,95.2,.497,.309,.522,51.6,57.7,9.1,5.8,.479,22.2,34.3,.332
90,George Mason NCAA,30,19,11,.633,4.52,-0.93,13,3,,,,,2214,2031,,,103.6,.330,.300,.528,49.4,48.2,14.2,11.6,.509,17.5,36.8,.202
91,George Washington NCAA,29,20,9,.690,10.99,5.47,13,3,,,,,2305,2145,,,104.6,.372,.300,.505,50.2,55.2,13.9,7.4,.459,15.5,39.8,.269
92,Georgetown,31,15,16,.484,8.21,6.41,6,12,,,,,2137,2057,,,93.8,.370,.255,.465,53.3,49.8,15.0,14.7,.427,19.6,42.9,.239
93,Georgia Southern,28,11,17,.393,-11.53,-6.66,6,10,,,,,1793,1862,,,94.8,.344,.382,.507,52.7,54.7,8.4,7.4,.472,22.3,39.5,.235
94,Georgia State,30,17,13,.567,-4.40,-7.57,11,5,,,,,2199,2097,,,104.3,.398,.287,.541,53.1,49.0,11.5,10.3,.502,19.6,41.3,.282
95,Georgia Tech,31,15,16,.484,4.52,9.39,6,10,,,,,2087,2238,,,92.7,.374,.374,.500,48.4,58.1,8.4,11.7,.473,20.4,32.7,.233
96,Georgia,30,15,15,.500,8.19,7.19,6,10,,,,,2148,2118,,,104.5,.329,.376,.534,49.3,54.2,9.2,6.2,.504,16.9,35.2,.226
97,Gonzaga NCAA,35,28,7,.800,15.03,2.21,12,2,,,,,2743,2280,,,112.2,.380,.364,.580,52.5,60.2,11.8,9.2,.547,17.5,36.5,.275
98,Grambling,27,6,21,.222,-20.33,-9.97,5,11,,,,,1860,2119,,,91.7,.412,.217,.499,47.5,48.5,11.0,7.4,.456,22.0,36.0,.280
99,Green Bay,31,20,11,.645,3.97,-1.06,9,5,,,,,1922,1736,,,104.8,.360,.362,.571,47.4,66.2,10.1,6.1,.543,18.7,28.1,.251
100,Hampton,27,8,19,.296,-14.37,-9.63,8,10,,,,,1872,2002,,,96.0,.406,.275,.520,52.1,55.2,8.1,13.1,.479,21.5,37.4,.285
101,Hartford,27,11,16,.407,-13.16,-5.75,9,9,,,,,1853,2053,,,92.3,.454,.261,.521,47.5,50.1,11.8,5.0,.472,22.4,30.2,.321
102,Harvard,26,13,13,.500,-7.94,-8.14,7,7,,,,,1828,1808,,,102.6,.291,.318,.528,47.1,54.4,10.9,8.5,.494,16.6,31.2,.214
103,Hawaii,26,6,20,.231,-3.23,4.23,3,11,,,,,1659,1853,,,93.9,.316,.205,.521,47.1,58.0,9.7,10.7,.494,22.8,35.9,.209
104,Hofstra,32,22,10,.688,1.15,-4.02,14,4,,,,,2132,1933,,,101.2,.365,.301,.528,53.2,55.0,10.5,10.9,.494,18.7,34.5,.251
105,Holy Cross,27,7,20,.259,-17.37,-7.22,3,9,,,,,1543,1804,,66.3,86.2,.361,.307,.483,47.8,57.0,11.2,7.6,.449,22.2,29.6,.235
106,Houston,27,10,17,.370,-2.56,5.36,5,11,,,,,1914,2128,,,94.6,.385,.270,.495,48.4,43.2,8.6,8.1,.458,20.1,36.7,.254
107,Howard,27,2,25,.074,-25.67,-9.15,2,16,,,,,1643,2089,,,83.5,.403,.299,.469,44.6,56.6,9.7,2.0,.426,24.1,32.4,.265
108,Idaho State,26,6,20,.231,-11.35,-0.99,4,12,,,,,1669,1903,,,92.7,.359,.225,.489,49.7,56.6,8.2,6.0,.462,19.5,33.8,.220
109,Idaho,27,16,11,.593,0.13,-1.87,11,5,,,,,1979,1895,,,102.6,.394,.339,.526,50.0,53.3,12.2,5.2,.487,18.1,36.4,.274
110,Illinois-Chicago,28,7,21,.250,-6.88,1.55,2,12,,,,,1633,1869,,,87.3,.390,.262,.457,49.4,56.5,10.5,3.8,.407,20.0,34.4,.270
111,Illinois State,31,16,15,.516,5.79,4.72,7,11,,,,,2141,2110,,,100.8,.403,.273,.552,49.2,60.6,10.6,9.9,.509,20.3,31.0,.296
112,Illinois,32,14,18,.438,10.59,11.87,3,13,,,,,1967,2008,,,90.1,.334,.266,.474,52.2,53.3,12.3,9.7,.440,21.4,39.4,.219
113,Indiana State,27,15,12,.556,7.94,3.98,10,8,,,,,1867,1760,,,101.3,.365,.307,.522,50.2,56.8,12.3,9.7,.490,17.0,31.8,.245
114,Indiana NCAA,34,23,11,.676,17.21,11.36,9,7,,,,,2565,2366,,,104.1,.385,.272,.552,48.9,61.1,10.5,7.9,.518,17.9,31.7,.269
115,Iona,30,16,14,.533,-1.93,-3.21,12,6,,,,,2287,2230,,,99.2,.404,.260,.517,51.2,62.0,10.5,15.5,.484,19.2,37.1,.264
116,Iowa State,30,15,15,.500,5.40,5.67,6,10,,,,,1886,1825,,,98.3,.378,.255,.506,52.5,53.3,9.1,6.9,.464,17.2,33.3,.265
117,Iowa NCAA,30,20,10,.667,15.36,11.43,9,7,,,,,2217,2099,,,105.3,.487,.315,.562,52.9,61.4,12.7,7.4,.521,21.2,40.5,.341
118,IUPUI,27,11,16,.407,-9.74,-4.97,6,8,,,,,1834,1888,,,98.5,.397,.273,.517,47.2,49.4,11.4,5.0,.479,18.4,32.7,.271
119,Jackson State,28,16,12,.571,-12.34,-9.34,11,5,,,,,1926,1939,,,92.3,.435,.264,.482,51.1,57.0,9.7,10.6,.454,20.7,38.4,.257
120,Jacksonville State,26,8,18,.308,-17.45,-8.24,3,13,,,,,1647,1837,,,90.5,.340,.307,.490,48.8,53.0,9.6,6.1,.461,20.8,32.7,.217
121,Jacksonville,27,12,15,.444,-11.92,-7.84,7,9,,,,,1771,1820,,,91.9,.366,.294,.505,47.2,53.3,13.1,7.9,.467,21.5,32.3,.252
122,James Madison,27,16,11,.593,0.94,-4.62,9,7,,,,,1937,1787,,,104.1,.403,.339,.522,51.0,49.3,8.1,7.8,.488,16.2,35.7,.268
123,Kansas State,33,20,13,.606,10.24,5.40,7,9,,,,,2284,2113,,,98.5,.411,.266,.512,55.2,59.4,9.1,11.0,.476,19.5,38.2,.271
124,Kansas NCAA,33,23,10,.697,16.23,9.10,11,5,,,,,2380,2128,,70.4,101.6,.363,.248,.520,52.5,59.6,11.3,10.6,.490,18.4,37.6,.239
125,Kent State NCAA,30,23,7,.767,7.27,2.77,13,5,,,,,2156,1905,,,104.1,.353,.277,.526,50.8,59.0,13.3,8.1,.494,16.9,36.2,.242
126,Kentucky NCAA,37,28,9,.757,22.63,9.93,11,5,,,,,2790,2320,,,109.1,.359,.313,.551,54.1,58.5,11.2,14.2,.530,17.8,41.3,.229
127,La Salle,28,13,15,.464,-0.42,1.90,8,8,,,,,2023,2088,,,101.6,.351,.379,.523,47.2,53.4,7.0,8.5,.490,17.9,34.2,.239
128,Lafayette NCAA,30,22,8,.733,-2.64,-7.17,10,2,,,,,2167,1987,,,102.2,.445,.427,.545,49.0,65.5,12.1,11.0,.504,18.3,30.3,.313
129,Lamar,28,17,11,.607,-6.06,-9.95,11,7,,,,,2144,1979,,,102.5,.435,.292,.535,54.8,54.1,9.1,4.8,.484,20.1,40.2,.321
130,Lehigh,28,6,22,.214,-19.97,-7.59,0,12,,,,,1765,2025,,,89.5,.414,.226,.482,49.3,59.6,9.2,4.6,.437,20.9,33.0,.281
131,Liberty,27,4,23,.148,-24.52,-7.12,0,10,,,,,1960,2259,,,95.7,.344,.273,.522,47.1,53.9,13.1,4.2,.491,21.3,33.9,.232
132,Long Beach State,28,13,15,.464,-4.96,-0.85,9,7,,,,,1865,1973,,,95.0,.343,.277,.511,48.7,48.0,10.3,8.8,.484,20.0,32.1,.219
133,Long Island University,27,10,17,.370,-11.57,-6.64,10,10,,,,,1828,1961,,,91.4,.302,.227,.475,49.6,45.8,12.2,7.8,.458,19.6,35.1,.172
134,Louisiana,29,13,16,.448,-1.45,0.00,7,7,,,,,1951,1993,,,95.2,.446,.284,.476,52.8,48.3,9.4,7.3,.444,18.7,40.3,.266
135,Louisiana-Monroe,27,13,14,.481,-10.36,-5.25,12,6,,,,,1954,2058,,,90.3,.374,.320,.496,48.2,51.1,11.2,10.8,.466,21.8,35.9,.236
136,Louisiana State,27,12,15,.444,2.55,5.89,4,12,,,,,1793,1861,,,92.6,.414,.309,.513,53.0,59.5,9.8,8.8,.480,23.4,36.9,.266
137,Louisiana Tech,28,19,9,.679,1.89,-3.47,10,4,,,,,2133,1984,,,105.6,.311,.341,.552,49.1,52.6,12.1,7.5,.520,18.0,33.5,.227
138,Louisville NCAA,30,19,11,.633,15.22,8.12,11,5,,,,,2306,2093,,,105.9,.351,.316,.552,48.7,59.6,12.9,11.5,.525,19.3,37.9,.238
139,Loyola (IL),27,9,18,.333,-6.46,-0.07,7,7,,,,,1644,1811,,,92.9,.323,.302,.482,49.1,59.2,10.3,5.4,.452,19.2,34.4,.208
140,Loyola Marymount,27,11,16,.407,-5.21,1.83,6,8,,,,,2054,2197,,,101.2,.366,.377,.529,46.7,55.8,9.6,9.3,.485,18.3,33.2,.268
141,Loyola (MD),28,13,15,.464,-4.60,-5.46,6,12,,,,,2165,2141,,,102.4,.406,.257,.553,52.2,56.1,10.8,7.2,.527,21.3,38.6,.264
142,Maine,28,19,9,.679,-1.73,-8.07,13,5,,,,,2257,2063,,,105.9,.346,.347,.568,48.7,56.1,14.1,7.1,.533,18.9,32.6,.256
143,Manhattan,27,5,22,.185,-13.45,-6.20,3,15,,,,,1688,1884,,,89.4,.477,.247,.498,51.2,61.4,9.7,7.8,.459,23.8,35.7,.302
144,Marist,28,16,12,.571,-3.99,-5.52,8,10,,,,,2033,1990,,,104.1,.401,.220,.526,48.1,58.5,12.3,10.4,.492,16.3,35.1,.266
145,Marquette,29,14,15,.483,5.04,4.83,6,10,,,,,1823,1817,,,93.7,.354,.326,.490,51.7,54.0,10.5,9.2,.455,20.2,37.8,.234
146,Marshall,27,16,11,.593,4.77,0.57,11,7,,,,,2075,1906,,,102.6,.329,.299,.542,50.3,55.5,10.3,10.1,.512,20.1,36.6,.229
147,Maryland-Baltimore County,28,19,9,.679,-4.35,-8.13,17,3,,,,,1887,1781,,,101.9,.414,.293,.537,51.5,60.6,11.1,8.2,.504,21.7,36.9,.277
148,Maryland-Eastern Shore,27,10,17,.370,-13.56,-11.00,7,11,,,,,1909,1978,,,99.4,.379,.254,.508,50.1,42.7,10.2,5.6,.476,18.2,37.3,.247
149,Maryland NCAA,34,28,6,.824,26.19,9.10,13,3,,,,,2873,2259,,,109.8,.407,.239,.571,52.6,64.6,16.5,15.7,.539,18.4,38.6,.285
150,Massachusetts,30,14,16,.467,6.43,6.00,9,7,,,,,1929,1916,,,101.0,.355,.250,.488,50.5,52.0,8.7,12.5,.464,15.8,37.5,.213
151,McNeese State,28,13,15,.464,-8.60,-7.42,11,7,,,,,2093,2126,,,105.1,.336,.317,.497,44.2,57.0,16.0,8.2,.470,16.7,30.7,.212
152,Memphis,28,13,15,.464,5.34,5.27,6,10,,,,,2141,2139,,,98.0,.363,.264,.518,49.2,49.5,12.5,12.8,.480,19.9,35.9,.254
153,Mercer,26,8,18,.308,-17.44,-7.32,5,11,,,,,1659,1903,,,91.7,.364,.315,.465,47.0,45.7,10.7,6.8,.426,17.5,34.5,.238
154,Miami (FL) NCAA,30,23,7,.767,16.78,9.18,15,3,,,,,2178,1950,,,99.9,.405,.221,.547,53.2,57.9,11.9,13.2,.510,22.4,39.1,.283
155,Miami (OH) NCAA,32,24,8,.750,11.67,4.48,15,3,,,,,2163,1933,,,105.9,.333,.335,.546,50.7,50.5,10.5,5.7,.505,16.1,30.5,.255
156,Michigan State NCAA,38,33,5,.868,22.62,10.89,15,1,,,,,2725,2262,,,111.5,.326,.234,.548,57.2,55.8,12.2,7.5,.514,17.7,45.9,.239
157,Michigan,31,12,19,.387,8.52,11.71,5,11,,,,,2035,2134,,,99.3,.394,.326,.527,51.1,49.5,8.0,9.2,.478,19.5,34.3,.296
158,Middle Tennessee,31,12,19,.387,-8.81,-4.77,9,9,,,,,2143,2224,,,100.5,.342,.349,.558,47.5,58.0,13.8,8.5,.525,21.9,34.3,.247
159,Milwaukee,27,8,19,.296,-7.00,0.38,5,9,,,,,1714,1875,,,95.2,.375,.278,.505,48.3,48.8,9.2,3.9,.463,19.3,31.4,.264
160,Minnesota NCAA,28,17,11,.607,13.53,9.93,8,8,,,,,1928,1827,,,101.8,.343,.227,.526,52.9,59.8,11.5,15.7,.495,18.4,37.5,.233
161,Mississippi State,33,20,13,.606,8.04,3.39,8,8,,,,,2279,2129,,,100.3,.341,.314,.517,54.3,52.9,8.8,8.7,.489,19.6,39.6,.222
162,Mississippi Valley State,27,14,13,.519,-13.82,-12.07,10,6,,,,,1969,2002,,,104.3,.279,.284,.467,48.5,40.7,12.5,14.3,.439,4.1,40.1,.180
163,Mississippi NCAA,33,20,13,.606,14.83,8.17,8,8,,,,,2540,2214,,,105.4,.430,.311,.542,50.5,59.8,13.5,10.2,.518,17.5,35.6,.270
164,Missouri-Kansas City,30,8,22,.267,-8.48,-2.78,3,11,,,,,2129,2264,,,98.9,.405,.248,.521,50.2,57.1,9.1,4.5,.480,18.6,33.0,.284
165,Missouri State NCAA,33,22,11,.667,13.81,6.51,11,7,,,,,2414,2173,,,104.5,.433,.270,.550,50.1,59.7,12.9,11.2,.509,17.6,31.1,.308
166,Missouri NCAA,29,20,9,.690,12.40,3.89,11,5,,,,,2081,1834,,,101.1,.388,.284,.527,49.7,55.5,12.4,8.8,.499,17.7,31.5,.251
167,Monmouth,26,5,21,.192,-15.08,-7.60,5,15,,,,,1632,1821,,,92.4,.352,.272,.514,45.4,55.3,14.6,9.9,.482,21.6,31.1,.234
168,Montana State,29,16,13,.552,0.09,-1.49,9,7,,,,,2263,2181,,,106.3,.325,.341,.581,50.5,71.0,6.2,5.1,.553,18.4,28.0,.235
169,Montana,27,13,14,.481,-2.93,-2.97,6,10,,,,,1940,1865,,,102.3,.439,.278,.545,54.1,57.7,9.2,5.9,.504,20.5,37.0,.309
170,Morehead State,28,13,15,.464,-8.75,-5.02,9,9,,,,,2149,2198,,,102.4,.323,.321,.549,47.7,61.6,12.5,6.5,.517,19.8,34.3,.231
171,Morgan State,28,14,14,.500,-14.71,-9.64,12,6,,,,,1861,2001,,,92.8,.327,.288,.479,45.3,55.0,10.8,12.4,.452,17.6,32.1,.202
172,Mount St. Mary's NCAA,30,15,15,.500,-7.29,-6.29,10,10,,,,,2049,2079,,,97.9,.279,.333,.513,46.0,55.6,11.8,9.8,.485,18.1,31.7,.192
173,Murray State NCAA,33,27,6,.818,6.80,-4.71,16,2,,,,,2590,2215,,,110.1,.344,.266,.543,55.1,52.3,11.7,8.3,.515,17.2,43.0,.234
174,Navy,27,20,7,.741,-0.20,-7.49,9,3,,,,,1933,1697,,,96.0,.375,.184,.505,56.4,56.5,14.8,13.2,.483,21.5,41.8,.224
175,Nebraska,33,20,13,.606,7.55,5.85,10,6,,,,,2177,2121,,,94.2,.406,.207,.517,50.6,61.3,15.5,13.2,.485,22.1,34.6,.264
176,Nevada-Las Vegas,29,16,13,.552,8.77,4.52,9,5,,,,,2163,1997,,,103.6,.381,.320,.535,50.4,64.0,12.6,11.2,.511,17.8,34.4,.242
177,Nevada,26,8,18,.308,-9.75,-1.43,4,12,,,,,1775,1959,,,94.9,.361,.282,.515,49.1,56.1,9.0,8.3,.489,21.2,33.4,.227
178,New Hampshire,27,4,23,.148,-21.19,-7.30,2,16,,,,,1733,2108,,,92.8,.298,.405,.502,48.7,57.4,7.2,8.7,.469,21.4,30.6,.208
179,New Mexico State NCAA,33,23,10,.697,2.40,-0.63,12,4,,,,,2273,2147,,,105.3,.377,.304,.547,51.0,51.0,10.7,7.2,.521,18.1,35.9,.249
180,New Mexico NCAA,34,25,9,.735,7.96,0.74,9,5,,,,,2556,2305,,,111.0,.371,.350,.570,51.4,54.2,9.7,8.2,.531,16.1,33.8,.279
181,New Orleans,30,14,16,.467,-4.63,-1.50,5,9,,,,,1824,1918,,,,.349,.302,.501,47.5,55.5,,11.3,.468,20.4,,.234
182,Niagara,29,17,12,.586,-3.87,-4.49,13,5,,,,,2341,2323,,,104.9,.409,.320,.523,48.7,50.9,11.4,6.9,.476,17.1,38.5,.297
183,Nicholls State,29,14,15,.483,-8.59,-6.19,12,6,,,,,1958,1964,,,93.6,.392,.253,.492,52.1,59.3,13.0,6.8,.461,20.0,36.4,.244
184,Norfolk State,27,15,12,.556,-10.62,-12.11,11,7,,,,,2330,2288,,,112.6,.359,.217,.548,52.0,42.6,12.2,7.8,.519,15.9,45.2,.243
185,North Carolina-Asheville,29,11,18,.379,-13.25,-4.75,5,5,,,,,2144,2314,,,101.5,.437,.231,.556,50.1,63.0,10.7,7.1,.515,22.0,38.0,.313
186,North Carolina A&T,28,13,15,.464,-13.55,-9.74,9,9,,,,,1902,1971,,,97.4,.431,.266,.503,49.2,43.5,10.1,7.1,.476,19.8,39.0,.260
187,North Carolina-Greensboro,27,7,20,.259,-14.97,-6.00,5,11,,,,,1755,1998,,,90.7,.363,.216,.500,48.7,56.1,10.2,9.0,.461,22.5,33.3,.251
188,North Carolina State,33,19,14,.576,12.19,6.92,6,10,,,,,2363,2189,,,103.8,.489,.286,.546,54.5,51.4,11.2,10.3,.507,20.5,41.7,.331
189,North Carolina-Wilmington,28,11,17,.393,-2.00,0.00,9,7,,,,,1686,1742,,,96.3,.325,.280,.486,50.7,52.1,8.6,7.6,.457,17.2,34.9,.210
190,North Carolina NCAA,34,24,10,.706,16.77,10.25,10,6,,,,,2428,2206,,,106.8,.391,.250,.556,56.3,62.3,8.4,10.0,.519,19.5,40.9,.281
191,North Texas,26,4,22,.154,-13.51,1.37,4,12,,,,,1860,2247,,,91.7,.267,.349,.466,45.4,44.1,10.7,5.7,.438,17.7,33.7,.176
192,Northeastern,28,10,18,.357,-13.30,-6.80,6,12,,,,,1927,2109,,,97.1,.336,.260,.523,46.2,41.7,11.5,9.5,.488,19.1,30.5,.237
193,Northern Arizona,29,21,8,.724,5.20,-3.00,12,4,,,,,2238,1935,,,112.9,.381,.365,.633,52.9,60.9,8.7,6.6,.604,21.0,31.5,.287
194,Northern Illinois,26,6,20,.231,-6.85,-0.73,2,16,,,,,1560,1719,,,89.8,.323,.282,.484,49.8,49.2,9.2,5.7,.447,21.0,33.3,.223
195,Northern Iowa,27,9,18,.333,3.67,5.82,6,12,,,,,1903,1961,,,101.2,.430,.305,.560,46.9,49.6,11.2,3.7,.517,19.8,27.9,.316
196,Northwestern State,26,11,15,.423,-13.03,-7.99,8,10,,,,,1770,1810,,,91.7,.324,.254,.483,49.1,59.3,13.7,4.3,.447,20.8,36.8,.220
197,Northwestern,29,15,14,.517,10.82,9.10,6,10,,,,,1741,1655,,,96.9,.397,.396,.541,50.4,76.2,7.3,10.1,.506,21.3,28.3,.275
198,Notre Dame,30,14,16,.467,5.20,6.99,8,10,,,,,2168,2226,,,98.2,.414,.231,.547,51.0,66.0,10.0,7.2,.511,22.2,34.6,.288
199,Ohio State NCAA,36,27,9,.750,19.02,9.51,12,4,,,,,2695,2334,,,106.6,.392,.290,.539,51.3,50.5,11.7,11.5,.519,16.9,37.6,.240
200,Ohio,28,18,10,.643,9.18,2.51,12,6,,,,,2127,1896,,,106.3,.467,.303,.556,54.5,61.2,10.7,9.0,.519,19.8,39.3,.322
201,Oklahoma State NCAA,34,23,11,.676,12.64,5.55,10,6,,,,,2431,2145,,,105.9,.369,.335,.539,50.1,67.9,11.4,7.4,.504,16.6,34.6,.259
202,Oklahoma NCAA,33,22,11,.667,13.14,4.82,11,5,,,,,2246,1980,,,102.8,.350,.383,.522,52.0,57.7,10.5,10.1,.495,17.7,35.6,.228
203,Old Dominion,34,25,9,.735,4.48,-1.68,11,5,,,,,2431,2200,,,101.3,.371,.319,.540,52.4,62.0,10.4,16.0,.505,19.4,35.8,.258
204,Oral Roberts,28,17,11,.607,0.42,-2.89,10,4,,,,,2166,2063,,,107.3,.362,.324,.569,49.3,58.4,10.9,5.6,.543,18.6,32.6,.247
205,Oregon State,27,13,14,.481,5.78,7.14,7,11,,,,,1747,1744,,,95.6,.396,.321,.513,50.9,54.9,9.5,9.8,.487,20.0,32.8,.244
206,Oregon,32,19,13,.594,11.32,8.84,8,10,,,,,2415,2318,,,101.5,.377,.351,.537,53.6,62.7,8.2,8.4,.504,19.5,36.0,.259
207,Pacific,27,14,13,.519,-3.42,-3.42,9,7,,,,,1850,1762,,,106.6,.358,.418,.556,53.0,66.6,7.0,6.1,.520,19.0,35.7,.262
208,Penn State,27,13,14,.481,11.17,8.61,5,11,,,,,1870,1801,,,103.5,.344,.385,.553,48.7,64.3,9.7,11.3,.514,18.7,31.7,.257
209,Pennsylvania NCAA,27,21,6,.778,6.50,-3.91,13,1,,,,,1921,1640,,,109.2,.351,.360,.561,53.6,59.8,8.5,8.2,.540,17.0,33.4,.228
210,Pepperdine,32,19,13,.594,3.17,1.87,9,5,,,,,2101,2023,,,95.2,.384,.251,.523,51.2,57.2,9.7,9.6,.492,21.3,32.7,.251
211,Pittsburgh,30,14,16,.467,4.06,7.23,5,13,,,,,2017,2112,,,94.1,.268,.284,.491,48.7,53.4,15.8,10.1,.460,19.3,35.7,.188
212,Portland State,28,17,11,.607,-0.91,-2.84,9,7,,,,,2216,2075,,,109.1,.394,.409,.560,51.6,64.4,8.3,4.5,.523,15.8,32.3,.283
213,Portland,27,9,18,.333,-5.59,0.33,3,11,,,,,1820,1878,,,95.5,.368,.266,.508,46.4,56.7,14.0,8.7,.476,19.8,33.1,.242
214,Prairie View,27,6,21,.222,-25.56,-9.61,4,12,,,,,1974,2296,,,88.4,.356,.317,.451,47.9,42.2,12.1,7.8,.427,20.4,40.0,.202
215,Princeton,30,22,8,.733,5.63,-2.64,11,3,,,,,1858,1585,,,108.0,.320,.479,.570,50.9,69.4,14.6,11.6,.539,18.2,32.3,.237
216,Providence,30,16,14,.533,8.30,8.33,9,9,,,,,2284,2285,,,99.6,.367,.285,.504,47.5,59.6,14.7,5.0,.462,17.3,37.1,.261
217,Purdue NCAA,34,21,13,.618,13.22,10.42,7,9,,,,,2328,2233,,,101.6,.418,.311,.524,49.7,59.3,12.0,8.3,.488,18.7,37.3,.280
218,Quinnipiac,27,9,18,.333,-17.32,-7.36,6,14,,,,,1837,2067,,,91.6,.419,.278,.522,47.5,59.3,9.1,4.7,.483,23.3,31.0,.285
219,Radford,28,20,8,.714,-6.41,-9.27,8,2,,,,,2195,2012,,,105.2,.419,.374,.550,49.2,57.5,16.3,7.6,.516,18.3,34.9,.287
220,Rhode Island NCAA,33,20,13,.606,9.52,5.59,10,6,,,,,2377,2245,,,104.7,.382,.199,.526,53.5,53.1,8.5,11.0,.495,17.9,41.4,.254
221,Rice,28,18,10,.643,6.80,1.73,8,6,,,,,1911,1737,,,100.6,.465,.340,.531,50.6,58.2,10.0,7.3,.495,18.5,32.0,.305
222,Richmond,27,15,12,.556,-2.34,-3.49,10,6,,,,,1816,1785,,,103.2,.339,.324,.540,48.6,53.6,8.7,10.0,.506,17.8,31.7,.244
223,Rider,28,12,16,.429,-3.89,-4.89,7,11,,,,,2053,2025,,,102.7,.434,.307,.552,51.2,62.3,10.8,7.2,.514,20.4,36.7,.302
224,Robert Morris,27,15,12,.556,-6.55,-8.17,12,8,,,,,1951,1870,,,97.6,.388,.277,.539,51.3,56.4,10.8,3.8,.490,21.2,31.9,.296
225,Rutgers,32,19,13,.594,12.30,7.30,9,9,,,,,2248,2088,,,,.486,.330,.549,49.7,63.0,,6.6,.505,,32.9,.343
226,Sacramento State,26,3,23,.115,-18.40,-0.67,3,13,,,,,1568,2029,,,84.3,.222,.349,.452,44.0,55.7,10.7,9.9,.438,20.3,29.2,.123
227,Saint Francis (PA),26,9,17,.346,-12.74,-8.24,7,13,,,,,1751,1868,,,94.9,.359,.312,.507,47.1,56.6,11.9,6.5,.481,20.3,33.5,.225
228,Saint Joseph's,30,12,18,.400,2.18,5.04,5,11,,,,,1981,2028,,,,.379,.269,.477,47.5,56.6,,10.3,.444,,33.7,.239
229,Saint Louis,31,15,16,.484,8.77,7.19,8,8,,,,,2024,1975,,,97.1,.360,.319,.513,48.8,60.4,12.5,6.8,.478,19.9,35.5,.246
230,Saint Mary's (CA),31,13,18,.419,-2.48,0.22,5,9,,,,,2108,2182,,,,.346,.424,.521,50.0,62.1,,3.8,.485,,32.8,.242
231,Saint Peter's,29,14,15,.483,-6.35,-5.00,10,8,,,,,2021,2060,,,97.7,.356,.162,.507,52.0,59.1,12.4,9.3,.474,19.2,38.5,.237
232,Sam Houston State,26,10,16,.385,-13.10,-6.18,7,11,,,,,1832,1990,,,94.0,.346,.319,.513,46.5,59.4,9.7,5.0,.475,20.3,29.7,.244
233,Samford NCAA,30,24,6,.800,0.17,-9.16,15,1,,,,,2188,1881,,,110.1,.442,.512,.608,47.7,66.1,11.8,8.3,.584,19.4,28.3,.304
234,San Diego State,26,4,22,.154,-11.73,2.19,2,12,,,,,1745,2039,,,90.6,.419,.292,.486,44.8,54.1,10.7,5.3,.454,20.1,32.0,.256
235,San Diego,27,18,9,.667,3.45,-0.87,9,5,,,,,1823,1677,,,103.8,.448,.320,.568,54.3,62.2,8.1,5.3,.525,20.2,33.7,.327
236,San Francisco,30,12,18,.400,-2.93,2.38,4,10,,,,,1905,2043,,,93.1,.405,.323,.490,51.6,56.5,10.9,9.2,.449,20.9,37.7,.271
237,San Jose State,28,12,16,.429,0.07,0.77,5,9,,,,,1827,1805,,,97.4,.391,.243,.512,51.7,60.0,10.5,5.7,.484,19.1,35.5,.247
238,Santa Clara,29,14,15,.483,-1.69,1.62,8,6,,,,,1886,1982,,,98.2,.431,.272,.517,49.6,55.4,7.0,6.2,.470,18.5,32.5,.307
239,Seton Hall,30,15,15,.500,9.42,8.04,8,10,,,,,2029,1927,,,100.6,.345,.296,.508,50.4,59.9,11.2,10.5,.466,18.2,36.1,.252
240,Siena NCAA,31,25,6,.806,2.07,-4.87,13,5,,,,,2686,2473,,,106.6,.434,.337,.566,50.4,56.0,12.7,8.6,.512,19.8,37.5,.342
241,South Alabama,27,11,16,.407,-4.25,0.83,6,8,,,,,1611,1728,,,91.6,.389,.218,.505,52.9,68.9,10.7,3.4,.475,22.7,35.4,.246
242,South Carolina State,29,17,12,.586,-11.75,-9.34,14,4,,,,,1905,1976,,,98.3,.380,.305,.482,53.3,50.1,9.1,12.1,.445,19.0,45.8,.248
243,South Carolina,29,8,21,.276,0.57,8.12,3,13,,,,,1745,1964,,,92.0,.318,.322,.485,49.8,53.5,10.1,8.3,.452,20.7,36.1,.213
244,South Florida,28,14,14,.500,7.93,4.00,6,10,,,,,2006,1896,,,,.380,.254,.495,50.1,56.7,,9.7,.473,,34.3,.224
245,Southeast Missouri State,29,20,9,.690,0.99,-4.49,15,3,,,,,2044,1834,,,103.3,.383,.308,.542,53.5,55.4,9.3,10.6,.503,19.3,36.0,.277
246,Southeastern Louisiana,26,6,20,.231,-22.23,-6.81,3,15,,,,,1825,2158,,,87.4,.352,.311,.489,48.8,49.9,8.7,7.0,.459,22.6,31.5,.223
247,Southern California,28,15,13,.536,11.27,7.63,7,11,,,,,2123,2021,,,100.0,.369,.310,.529,49.5,58.1,12.4,10.5,.494,18.9,33.3,.256
248,Southern Illinois,27,15,12,.556,7.32,5.43,10,8,,,,,1746,1695,,,95.5,.325,.421,.496,51.3,67.1,11.0,5.9,.470,19.9,35.9,.204
249,Southern Methodist,30,15,15,.500,2.05,2.73,7,7,,,,,2236,2232,,,101.2,.372,.320,.482,51.2,45.1,11.2,10.8,.448,15.4,37.8,.239
250,Southern Mississippi,30,14,16,.467,4.16,2.96,6,10,,,,,1871,1835,,,97.1,.409,.261,.512,50.2,56.3,10.5,8.0,.466,19.1,34.4,.291
251,Southern Utah,30,13,17,.433,-7.62,-3.12,6,8,,,,,2193,2264,,,102.9,.386,.339,.548,48.7,59.3,10.3,10.4,.512,18.2,31.9,.273
252,Southern,28,21,7,.750,-7.21,-13.92,13,3,,,,,2372,2155,,,105.0,.422,.232,.527,50.8,47.5,14.3,8.7,.488,17.5,40.3,.289
253,St. Bonaventure,29,14,15,.483,0.97,2.01,8,8,,,,,1860,1890,,,93.1,.330,.294,.480,49.0,48.2,14.2,12.6,.446,19.8,36.3,.218
254,St. Francis (NY),28,20,8,.714,-3.61,-7.58,16,4,,,,,2246,2125,,,102.9,.411,.381,.542,47.4,59.3,14.4,6.8,.510,18.5,33.2,.277
255,St. John's (NY) NCAA,37,28,9,.757,22.71,9.09,14,4,,,,,2924,2420,,,111.2,.351,.271,.537,54.1,57.7,13.9,7.9,.507,15.5,42.0,.239
256,Stanford NCAA,33,26,7,.788,22.21,10.34,15,3,,,,,2425,2006,,,108.9,.487,.308,.538,55.9,64.3,8.4,7.3,.491,16.2,40.2,.344
257,Stephen F. Austin,26,4,22,.154,-16.81,-6.41,2,16,,,,,1794,2038,,,89.5,.308,.239,.490,47.2,62.6,12.0,5.7,.463,20.6,30.6,.197
258,Stetson,27,14,13,.519,-8.20,-9.66,10,6,,,,,1860,1778,,,102.9,.380,.198,.519,56.3,55.0,10.7,6.7,.479,18.6,43.0,.267
259,Syracuse NCAA,33,21,12,.636,15.86,7.64,10,8,,,,,2387,2086,,,101.8,.342,.301,.523,52.9,61.2,14.0,16.5,.495,19.2,39.8,.227
260,Temple NCAA,35,24,11,.686,17.05,8.97,13,3,,,,,2331,2048,,,107.1,.356,.370,.502,50.7,54.4,16.0,12.8,.471,13.9,39.1,.233
261,Tennessee-Martin,26,8,18,.308,-14.00,-3.39,5,13,,,,,1666,1864,,,96.6,.282,.403,.571,44.7,68.0,11.5,7.6,.544,23.7,25.2,.208
262,Tennessee State,27,12,15,.444,-10.33,-5.21,9,9,,,,,1918,1986,,,100.1,.316,.307,.491,52.6,49.4,10.1,7.4,.461,17.3,40.5,.207
263,Tennessee Tech,27,12,15,.444,-10.09,-5.13,8,10,,,,,1814,1874,,,97.6,.398,.388,.522,49.5,54.4,9.6,5.8,.477,19.5,32.2,.287
264,Tennessee NCAA,30,21,9,.700,14.08,6.45,12,4,,,,,2178,1949,,71.1,101.6,.452,.356,.526,50.2,56.9,12.2,15.2,.482,18.9,36.3,.315
265,Texas A&M,27,12,15,.444,-0.85,2.92,5,11,,,,,1871,1973,,,95.3,.438,.344,.510,49.4,61.0,11.1,7.0,.465,20.8,34.2,.302
266,Texas-Arlington,26,10,16,.385,-11.47,-7.72,8,10,,,,,1850,1931,,,97.7,.346,.284,.511,49.0,59.7,12.1,4.8,.475,19.1,34.4,.240
267,Texas Christian,32,21,11,.656,10.00,4.90,7,7,,,,,2776,2593,,,111.8,.382,.287,.573,50.6,64.6,10.0,9.1,.546,16.8,36.4,.261
268,Texas-El Paso,28,16,12,.571,4.42,1.38,8,6,,,,,1934,1831,,,83.0,.513,.318,.556,51.9,57.6,7.2,7.4,.510,33.5,33.3,.362
269,Texas-Rio Grande Valley,27,5,22,.185,-8.08,0.66,,,,,,,1988,2224,,,94.6,.222,.360,.502,44.9,51.5,12.9,4.0,.480,19.2,31.6,.150
270,Texas-San Antonio NCAA,29,18,11,.621,-6.47,-7.03,12,6,,,,,2247,2188,,,103.9,.424,.335,.551,48.8,58.3,10.8,9.8,.532,19.1,33.3,.261
271,Texas Southern,27,8,19,.296,-17.98,-9.94,6,10,,,,,1748,1920,,,91.0,.397,.272,.492,48.3,51.5,12.3,4.7,.448,20.8,32.2,.274
272,Texas State,28,19,9,.679,-3.12,-8.23,13,5,,,,,1991,1767,,,101.3,.392,.249,.507,54.4,49.7,11.1,7.1,.470,17.2,38.0,.263
273,Texas Tech,30,13,17,.433,-0.34,3.06,5,11,,,,,2109,2211,,,96.0,.425,.281,.542,50.2,59.3,9.3,8.4,.506,23.0,33.5,.292
274,Texas NCAA,32,19,13,.594,10.32,6.79,13,3,,,,,2189,2076,,,99.1,.471,.268,.507,53.0,49.3,11.8,12.9,.468,19.3,39.2,.306
275,Toledo,28,19,9,.679,8.45,3.09,11,7,,,,,1983,1774,,,101.4,.462,.307,.545,51.7,51.8,12.8,4.8,.504,19.5,34.1,.319
276,Towson,28,6,22,.214,-14.90,-5.12,4,14,,,,,1663,1937,,,90.2,.323,.293,.489,48.1,59.1,11.3,6.3,.453,20.9,32.3,.222
277,Troy,27,9,18,.333,-16.31,-8.51,6,10,,,,,2051,2230,,,100.3,.340,.417,.514,44.3,48.2,10.4,3.5,.475,15.7,29.4,.245
278,Tulane,27,12,15,.444,1.75,2.82,6,10,,,,,1906,1935,,,97.7,.413,.262,.504,49.4,51.9,14.3,7.6,.470,19.8,38.8,.266
279,Tulsa NCAA,33,23,10,.697,10.72,4.45,9,5,,,,,2319,2112,,,98.9,.463,.355,.533,52.2,59.5,12.4,14.9,.497,21.4,36.5,.305
280,UCLA NCAA,31,22,9,.710,15.26,8.84,12,6,,,,,2392,2193,,,101.5,.365,.251,.515,51.1,54.2,13.1,10.0,.495,18.5,39.1,.218
281,Utah State,28,15,13,.536,0.21,-2.23,8,8,,,,,2006,1903,,,104.0,.379,.264,.548,53.9,52.8,8.6,6.3,.523,19.5,38.4,.247
282,Utah NCAA,33,28,5,.848,17.97,3.30,14,0,,,,,2352,1827,,,113.8,.327,.340,.563,56.4,61.1,11.5,10.6,.536,15.7,39.0,.229
283,Valparaiso NCAA,32,23,9,.719,4.40,-3.64,10,4,,,,,2326,2046,,,107.9,.356,.347,.560,55.2,62.9,9.5,12.5,.529,19.4,39.4,.252
284,Vanderbilt,29,14,15,.483,5.78,6.71,5,11,,,,,2091,2075,,,100.5,.345,.391,.521,50.8,55.9,12.4,5.7,.486,19.1,36.3,.241
285,Vermont,27,11,16,.407,-10.60,-8.38,7,11,,,,,1764,1824,,,94.5,.340,.292,.468,49.0,51.4,9.9,8.6,.431,16.1,34.5,.226
286,Villanova NCAA,32,21,11,.656,12.02,7.89,10,8,,,,,2399,2262,,,106.4,.371,.333,.546,51.0,58.0,10.3,10.9,.507,18.3,37.6,.272
287,Virginia Commonwealth,31,15,16,.484,-2.07,-2.30,8,8,,,,,2221,2214,,,99.8,.326,.352,.508,50.9,52.2,10.4,11.0,.477,18.5,37.7,.220
288,VMI,27,12,15,.444,-13.96,-4.78,9,7,,,,,1897,2020,,,91.2,.363,.298,.491,44.2,54.6,14.3,6.4,.452,19.3,29.6,.246
289,Virginia Tech,28,13,15,.464,0.71,1.46,7,9,,,,,1829,1850,,,97.5,.343,.279,.505,50.3,50.5,9.2,14.7,.478,19.8,38.3,.217
290,Virginia,30,14,16,.467,7.00,9.14,4,12,,,,,2183,2210,,,100.4,.379,.362,.525,45.3,55.2,11.8,11.9,.481,18.1,31.6,.278
291,Wagner,27,9,18,.333,-12.08,-7.15,7,13,,,,,1805,1938,,,93.0,.438,.287,.505,50.2,66.4,11.7,11.6,.471,22.6,35.8,.279
292,Wake Forest,31,17,14,.548,9.81,8.13,7,9,,,,,2066,2014,,,100.1,.408,.342,.533,49.8,50.8,9.2,6.0,.490,19.0,31.6,.294
293,Washington State,29,10,19,.345,2.95,8.80,4,14,,,,,2116,2274,,,97.3,.457,.332,.529,46.0,47.0,10.9,6.3,.482,20.2,31.3,.324
294,Washington NCAA,29,17,12,.586,11.62,10.02,10,8,,,,,2152,2073,,,102.0,.489,.260,.556,50.8,59.4,8.9,6.7,.522,19.6,32.2,.326
295,Weber State NCAA,33,25,8,.758,5.31,0.21,13,3,,,,,2611,2409,,,109.7,.362,.283,.563,52.7,55.4,13.1,7.2,.532,17.5,37.7,.256
296,West Virginia,29,10,19,.345,2.98,8.55,4,14,,,,,1934,2063,,,96.8,.324,.258,.500,50.1,57.5,13.0,12.0,.473,20.2,39.6,.207
297,Western Carolina,29,8,21,.276,-21.99,-2.23,2,14,,,,,1854,2292,,,86.9,.366,.358,.485,45.4,56.3,9.6,5.0,.452,21.5,27.2,.235
298,Western Illinois,28,16,12,.571,-3.75,-3.67,9,5,,,,,2025,2019,,,104.7,.412,.319,.549,50.6,63.9,8.8,5.8,.520,19.4,36.4,.273
299,Western Kentucky,29,13,16,.448,-1.39,1.04,7,7,,,,,1862,1927,,,94.7,.383,.320,.522,49.0,51.7,10.9,4.3,.481,21.0,31.9,.272
300,Western Michigan,26,11,15,.423,-1.02,3.54,6,12,,,,,1823,1924,,,98.0,.393,.290,.532,49.3,53.2,11.0,5.8,.480,20.3,33.7,.301
301,Wichita State,30,13,17,.433,1.48,3.34,6,12,,,,,2092,2117,,,101.8,.398,.357,.552,52.4,64.7,10.2,7.2,.519,21.6,36.6,.274
302,William & Mary,27,8,19,.296,-10.44,-3.60,3,13,,,,,1742,1852,,,93.1,.272,.355,.500,46.1,52.6,9.8,8.2,.475,19.6,29.3,.180
303,Winthrop NCAA,29,21,8,.724,-6.67,-8.72,9,1,,,,,1995,1874,,,102.0,.444,.360,.529,51.4,61.5,11.0,7.7,.495,18.9,35.5,.291
304,Wisconsin NCAA,32,22,10,.688,17.28,10.37,9,7,,,,,1987,1766,,,102.0,.355,.364,.541,48.8,63.2,11.5,7.7,.500,17.0,28.4,.263
305,Wofford,27,11,16,.407,-9.90,-5.54,8,8,,,,,1875,1912,,,98.9,.350,.307,.516,46.3,53.5,12.6,8.4,.481,16.8,29.4,.240
306,Wright State,27,9,18,.333,-5.36,-1.83,4,10,,,,,1859,1924,,,95.4,.418,.211,.507,50.6,51.7,10.9,11.4,.462,20.4,36.4,.290
307,Wyoming,28,18,10,.643,7.05,1.98,7,7,,,,,2286,2144,,,101.2,.406,.319,.511,50.8,67.3,11.7,8.6,.478,16.2,34.9,.263
308,Xavier,36,25,11,.694,12.95,3.89,12,4,,,,,2783,2457,,,107.2,.429,.380,.556,50.6,53.6,12.6,10.2,.511,18.6,37.9,.315
309,Yale,26,4,22,.154,-17.87,-8.75,2,12,,,,,1543,1742,,,92.0,.314,.328,.499,49.9,52.8,9.8,6.5,.470,21.4,33.0,.207
310,Youngstown State,28,14,14,.500,-2.94,-4.60,9,5,,,,,1890,1810,,,102.2,.265,.326,.523,52.1,62.3,11.4,9.1,.494,18.4,37.9,.189
