,,Overall,Overall,Overall,Overall,Overall,Overall,Conf.,Conf.,Home,Home,Away,Away,Points,Points,,School Totals,School Totals,School Totals,School Totals,School Totals,School Totals,School Totals,School Totals,School Totals,School Totals,School Totals,School Totals,School Totals,School Totals,School Totals,School Totals,School Totals
Rk,School,G,W,L,W-L%,SRS,SOS,W,L,W,L,W,L,Tm.,Opp.,,MP,FG,FGA,FG%,3P,3PA,3P%,FT,FTA,FT%,ORB,TRB,AST,STL,BLK,TOV,PF
1,Abilene Christian,27,21,6,.778,-2.37,-7.32,10,4,11,2,8,4,2019,1727,,1090,726,1522,.477,197,504,.391,370,518,.714,267,886,418,233,79,339,530
2,Air Force,27,12,15,.444,-3.73,0.65,7,8,9,5,2,8,1831,1920,,1100,678,1498,.453,190,590,.322,285,424,.672,216,905,361,136,47,370,468
3,Akron,27,15,12,.556,5.97,0.37,7,7,12,2,1,8,1876,1689,,1085,656,1601,.410,241,766,.315,323,457,.707,267,987,328,157,82,311,464
4,Alabama A&M,27,5,22,.185,-18.63,-7.44,4,9,4,5,0,15,1652,1954,,1095,622,1526,.408,166,503,.330,242,394,.614,263,872,319,198,42,416,495
5,Alabama-Birmingham,28,17,11,.607,0.25,-1.64,9,6,10,4,6,4,1977,1890,,1130,736,1615,.456,188,558,.337,317,478,.663,299,1032,331,182,66,328,467
6,Alabama State,24,10,14,.417,-13.26,-6.57,8,5,8,1,1,11,1629,1700,,970,561,1380,.407,176,527,.334,331,515,.643,292,875,249,160,86,353,432
7,Alabama,27,16,11,.593,10.51,8.80,7,7,10,3,3,7,1985,1939,,1080,691,1535,.450,193,567,.340,410,604,.679,299,1006,338,123,134,360,468
8,Albany (NY),28,11,17,.393,-8.80,-5.69,6,7,6,7,5,8,1885,1952,,1135,633,1538,.412,243,697,.349,376,512,.734,262,954,365,177,63,402,498
9,Alcorn State,26,9,17,.346,-20.12,-8.12,5,9,9,3,0,13,1686,1795,,1045,603,1473,.409,180,566,.318,300,438,.685,283,914,340,205,92,395,455
10,American,27,14,13,.519,-3.75,-7.05,8,8,8,5,4,8,1953,1864,,1100,701,1466,.478,166,510,.325,385,550,.700,219,915,367,198,121,350,464
11,Appalachian State,27,9,18,.333,-3.52,0.94,4,10,8,4,1,10,2169,2147,,1090,747,1639,.456,244,681,.358,431,603,.715,265,959,346,148,77,364,507
12,Arizona State,27,19,8,.704,11.31,5.31,10,5,12,3,4,4,2135,1973,,1095,732,1630,.449,202,586,.345,469,696,.674,342,1109,379,169,83,373,536
13,Arizona,28,16,12,.571,10.10,6.21,7,8,11,4,3,6,2019,1910,,1130,709,1654,.429,209,617,.339,392,541,.725,290,975,357,152,63,313,514
14,Little Rock,27,10,17,.370,-3.58,-2.34,5,9,7,7,3,10,2031,2033,,1090,717,1478,.485,184,512,.359,413,625,.661,218,929,387,151,78,434,552
15,Arkansas-Pine Bluff,27,11,16,.407,-15.17,-6.71,8,6,7,1,3,15,1795,1982,,1100,604,1419,.426,165,483,.342,422,612,.690,260,883,309,183,81,412,540
16,Arkansas State,27,12,15,.444,-6.50,-0.94,6,8,9,3,2,10,2002,2081,,1105,669,1594,.420,200,579,.345,464,644,.720,343,1032,312,167,118,391,596
17,Arkansas,27,14,13,.519,10.72,8.39,5,9,10,6,3,6,2059,1996,,1090,719,1614,.445,198,611,.324,423,639,.662,282,933,424,214,129,373,556
18,Army,29,12,17,.414,-7.69,-4.41,7,9,9,3,3,11,2058,2099,,1160,761,1787,.426,252,795,.317,284,413,.688,238,1018,462,178,46,336,493
19,Auburn,27,18,9,.667,20.38,9.23,7,7,13,2,2,6,2174,1833,,1090,754,1678,.449,299,795,.376,367,531,.691,350,986,400,245,137,356,512
20,Austin Peay,29,21,8,.724,1.20,-5.10,13,3,10,2,8,5,2387,2073,,1175,856,1791,.478,232,602,.385,443,628,.705,334,1066,400,228,98,354,524
21,Ball State,27,14,13,.519,4.79,1.52,5,9,7,5,6,6,2081,1950,,1100,739,1565,.472,175,519,.337,428,601,.712,255,1034,355,180,96,385,467
22,Baylor,27,18,9,.667,13.76,7.24,9,5,12,4,5,4,1949,1773,,1080,699,1562,.448,214,628,.341,337,504,.669,361,1020,378,169,133,357,509
23,Belmont,27,23,4,.852,7.95,-3.55,14,2,13,1,10,3,2366,2013,,1090,859,1717,.500,278,739,.376,370,506,.731,241,1054,532,191,104,327,424
24,Bethune-Cookman,28,13,15,.464,-10.63,-8.67,8,6,10,3,3,12,2065,2006,,1125,752,1711,.440,183,568,.322,378,623,.607,376,1154,402,202,104,439,550
25,Binghamton,28,8,20,.286,-13.86,-4.36,4,9,5,9,3,11,1806,1991,,1120,669,1566,.427,214,641,.334,254,401,.633,206,913,268,162,138,354,402
26,Boise State,27,11,16,.407,3.86,1.13,6,8,7,6,3,8,1934,1843,,1085,686,1463,.469,204,581,.351,358,503,.712,209,846,318,159,61,320,478
27,Boston College,26,13,13,.500,6.56,7.14,4,10,9,6,2,7,1869,1884,,1055,653,1492,.438,188,569,.330,375,539,.696,275,956,319,133,77,337,436
28,Boston University,29,13,16,.448,-5.91,-4.77,6,10,6,6,7,9,2087,2082,,1165,807,1707,.473,198,576,.344,275,402,.684,282,976,399,172,69,379,515
29,Bowling Green State,27,19,8,.704,5.65,-0.27,11,3,13,1,5,6,2139,1927,,1090,757,1704,.444,220,601,.366,405,601,.674,331,1135,359,189,71,329,480
30,Bradley,29,16,13,.552,-0.94,-1.61,8,8,9,6,5,7,1958,1923,,1165,682,1566,.436,198,539,.367,396,578,.685,271,1001,344,168,105,377,527
31,Brigham Young,30,18,12,.600,7.03,3.69,10,5,12,3,5,8,2383,2283,,1215,836,1772,.472,217,648,.335,494,681,.725,252,1050,462,188,97,333,587
32,Brown,26,17,9,.654,-0.18,-3.30,5,5,11,2,6,7,1939,1793,,1050,666,1489,.447,203,604,.336,404,574,.704,227,959,353,195,103,368,495
33,Bryant,27,10,17,.370,-14.47,-7.13,7,9,8,6,2,10,1894,2092,,1080,637,1504,.424,211,645,.327,409,576,.710,259,867,298,145,71,343,523
34,Bucknell,28,18,10,.643,1.48,-2.31,12,4,8,3,7,6,2165,2059,,1125,746,1643,.454,259,737,.351,414,561,.738,252,987,439,146,95,348,530
35,Buffalo,27,24,3,.889,16.22,2.11,12,2,12,0,10,3,2314,1913,,1085,829,1773,.468,259,757,.342,397,570,.696,340,1097,459,199,109,329,502
36,Butler,27,15,12,.556,11.85,8.18,6,8,11,3,2,7,1979,1880,,1085,718,1582,.454,246,678,.363,297,403,.737,244,888,367,148,52,301,479
37,Cal Poly,25,6,19,.240,-12.58,-3.32,2,10,4,6,1,12,1616,1801,,1025,600,1467,.409,201,606,.332,215,339,.634,246,845,270,130,83,298,457
38,Cal State Bakersfield,27,16,11,.593,-3.77,-2.39,7,6,9,4,5,6,1954,1910,,1090,714,1652,.432,194,578,.336,332,495,.671,388,997,329,183,82,355,599
39,Cal State Fullerton,27,13,14,.481,-1.25,0.15,9,4,8,2,4,10,1972,1915,,1100,712,1546,.461,153,471,.325,395,564,.700,221,992,346,164,88,362,506
40,Cal State Northridge,28,11,17,.393,-6.67,-3.26,5,7,6,8,3,9,2147,2235,,1135,798,1723,.463,194,539,.360,357,567,.630,301,1009,433,178,127,359,537
41,California Baptist,26,15,11,.577,-4.24,-5.11,6,6,8,4,7,5,2075,1900,,1055,724,1566,.462,249,677,.368,378,480,.788,248,979,305,125,71,331,529
42,UC-Davis,26,10,16,.385,-5.66,-0.79,6,6,6,3,3,12,1714,1783,,1055,613,1397,.439,182,541,.336,306,429,.713,189,793,320,163,55,360,510
43,UC-Irvine,28,23,5,.821,4.46,-1.43,11,1,11,2,10,2,1993,1800,,1140,729,1628,.448,191,527,.362,344,501,.687,327,1112,364,159,121,351,525
44,UC-Riverside,28,9,19,.321,-10.46,-3.10,3,9,7,6,1,12,1866,1938,,1125,681,1528,.446,242,643,.376,262,372,.704,242,887,374,143,51,353,497
45,UC-Santa Barbara,27,19,8,.704,-0.18,-4.74,8,5,12,2,5,6,1989,1757,,1090,699,1530,.457,171,507,.337,420,588,.714,325,1017,378,139,88,301,475
46,University of California,27,5,22,.185,-4.32,5.90,0,15,5,9,0,9,1854,2130,,1085,642,1516,.423,179,523,.342,391,530,.738,222,778,284,187,78,309,516
47,Campbell,28,17,11,.607,-3.56,-4.36,10,4,10,3,4,7,2117,1953,,1125,733,1616,.454,270,783,.345,381,509,.749,230,898,414,198,87,298,454
48,Canisius,28,13,15,.464,-8.07,-3.78,10,6,4,7,9,4,1970,2090,,1130,694,1607,.432,230,699,.329,352,508,.693,268,906,410,189,94,374,555
49,Central Arkansas,27,10,17,.370,-12.58,-3.41,5,9,7,4,3,13,1937,2075,,1090,669,1580,.423,219,641,.342,380,529,.718,247,951,371,165,100,405,517
50,Central Connecticut State,29,11,18,.379,-12.45,-6.12,5,11,5,6,5,11,2092,2213,,1180,710,1704,.417,193,588,.328,479,613,.781,310,1030,330,158,102,387,576
51,Central Florida,26,20,6,.769,13.15,3.46,10,4,13,2,3,4,1917,1665,,1045,656,1397,.470,180,505,.356,425,668,.636,252,967,352,155,123,298,434
52,Central Michigan,27,19,8,.704,3.25,-0.63,8,6,12,2,5,5,2246,2047,,1105,764,1682,.454,227,626,.363,491,734,.669,344,1050,357,214,92,349,466
53,Charleston Southern,27,13,14,.481,-3.35,-3.22,7,7,9,4,3,10,2088,1939,,1090,742,1748,.424,276,786,.351,328,485,.676,353,1029,393,212,87,364,472
54,Charlotte,26,6,20,.231,-8.48,0.17,3,12,4,8,2,9,1560,1785,,1040,526,1275,.413,168,541,.311,340,463,.734,174,794,255,128,87,390,446
55,Chattanooga,29,12,17,.414,-7.47,-1.51,7,9,8,4,4,11,2100,2157,,1165,769,1715,.448,270,728,.371,292,424,.689,250,995,389,124,73,368,503
56,Chicago State,28,3,25,.107,-24.98,0.95,0,13,3,5,0,19,1725,2374,,1120,633,1543,.410,119,409,.291,340,499,.681,225,880,329,170,61,449,547
57,Cincinnati,27,23,4,.852,15.33,3.70,12,2,15,1,5,3,1974,1660,,1090,685,1545,.443,185,515,.359,419,590,.710,329,966,380,180,126,290,443
58,Citadel,27,12,15,.444,-6.78,0.68,4,12,8,6,4,9,2308,2303,,1090,810,1812,.447,323,957,.338,365,495,.737,290,1007,418,191,102,344,474
59,Clemson,27,16,11,.593,14.37,9.11,6,8,12,3,2,6,1879,1737,,1080,677,1466,.462,172,522,.330,353,485,.728,237,943,326,174,116,366,441
60,Cleveland State,30,9,21,.300,-8.01,-1.01,4,13,8,9,1,12,2211,2357,,1205,768,1770,.434,295,797,.370,380,564,.674,294,1057,440,169,96,403,535
61,Coastal Carolina,26,13,13,.500,-0.01,-1.93,7,7,8,3,4,9,1988,1867,,1050,665,1478,.450,217,568,.382,441,619,.712,279,960,339,165,63,374,548
62,Colgate,29,19,10,.655,0.32,-3.86,11,5,11,1,8,9,2168,2033,,1175,793,1668,.475,253,666,.380,329,452,.728,274,1039,451,168,103,374,462
63,College of Charleston,30,22,8,.733,2.65,-2.59,11,6,12,2,8,5,2243,2073,,1210,797,1652,.482,210,616,.341,439,575,.763,243,965,343,202,65,318,445
64,Colorado State,27,11,16,.407,0.06,1.25,6,8,8,7,2,7,2039,2036,,1080,731,1533,.477,223,618,.361,354,510,.694,227,934,404,167,63,319,441
65,Colorado,27,16,11,.593,9.00,3.37,7,8,10,2,5,8,2007,1855,,1085,706,1539,.459,177,546,.324,418,568,.736,272,996,358,142,83,368,470
66,Columbia,24,7,17,.292,-6.30,-2.12,2,8,4,6,2,9,1745,1751,,995,664,1485,.447,202,565,.358,215,311,.691,228,853,384,189,67,315,460
67,Connecticut,27,13,14,.481,8.08,3.93,4,10,12,3,0,7,2035,1923,,1085,739,1649,.448,209,599,.349,348,511,.681,333,981,347,172,123,357,540
68,Coppin State,28,6,22,.214,-18.39,-5.32,6,7,3,6,3,15,1777,2143,,1125,608,1558,.390,196,702,.279,365,557,.655,261,1005,269,151,91,462,528
69,Cornell,26,13,13,.500,-5.70,-1.91,5,5,7,4,6,9,1806,1840,,1055,629,1432,.439,208,616,.338,340,481,.707,167,846,377,151,94,336,412
70,Creighton,28,15,13,.536,12.41,9.27,6,9,9,6,3,7,2226,2091,,1135,800,1643,.487,309,770,.401,317,458,.692,234,963,450,173,72,372,466
71,Dartmouth,26,11,15,.423,-4.26,-2.47,2,8,8,4,2,10,1916,1838,,1045,694,1517,.457,247,643,.384,281,388,.724,215,885,375,134,93,301,418
72,Davidson,27,20,7,.741,7.43,2.43,11,3,12,1,6,4,1931,1767,,1085,676,1496,.452,252,711,.354,327,437,.748,201,941,393,140,61,304,442
73,Dayton,27,18,9,.667,9.96,3.55,10,4,12,3,5,3,1988,1815,,1090,745,1484,.502,174,517,.337,324,477,.679,221,942,443,131,67,330,376
74,Delaware State,25,4,21,.160,-27.54,-8.06,1,11,3,7,1,14,1570,1949,,1000,559,1592,.351,198,656,.302,254,373,.681,301,919,271,166,52,347,473
75,Delaware,29,16,13,.552,-7.91,-5.50,8,8,9,5,7,8,2059,2056,,1195,720,1588,.453,239,646,.370,380,521,.729,229,973,371,131,76,333,451
76,Denver,28,7,21,.250,-12.58,-2.39,2,12,5,6,1,14,1936,2187,,1125,702,1597,.440,213,573,.372,319,424,.752,252,962,326,129,69,388,475
77,DePaul,25,13,12,.520,6.17,4.49,5,9,10,6,3,6,1888,1846,,1005,681,1472,.463,165,487,.339,361,503,.718,288,942,359,160,75,348,436
78,Detroit Mercy,28,10,18,.357,-6.13,-0.17,7,9,5,5,4,13,2033,2200,,1120,701,1689,.415,264,735,.359,367,518,.708,299,921,286,220,68,323,475
79,Drake,29,21,8,.724,2.86,0.19,10,6,12,2,6,4,2201,2055,,1180,783,1668,.469,249,690,.361,386,517,.747,247,1032,457,155,109,387,483
80,Drexel,29,13,16,.448,-6.23,-3.09,7,9,9,5,3,11,2221,2232,,1160,795,1721,.462,218,614,.355,413,541,.763,280,1026,417,131,58,346,496
81,Duke,27,24,3,.889,30.17,11.58,12,2,13,2,7,0,2308,1806,,1085,840,1755,.479,205,669,.306,423,613,.690,377,1140,445,275,194,348,429
82,Duquesne,27,18,9,.667,1.96,-0.93,9,5,13,3,4,4,1996,1918,,1095,687,1600,.429,228,716,.318,394,561,.702,328,979,379,218,131,394,481
83,East Carolina,26,10,16,.385,-5.05,-0.36,3,11,8,7,1,9,1760,1882,,1055,628,1511,.416,126,465,.271,378,554,.682,275,920,319,202,97,358,533
84,East Tennessee State,30,22,8,.733,6.73,-1.49,12,5,12,2,8,5,2392,2050,,1215,893,1836,.486,238,667,.357,368,546,.674,401,1224,475,224,114,429,529
85,Eastern Illinois,29,14,15,.483,-11.50,-4.61,7,9,7,4,5,10,2087,2227,,1180,747,1726,.433,250,660,.379,343,498,.689,301,1031,391,179,111,376,517
86,Eastern Kentucky,29,12,17,.414,-7.68,-2.34,5,11,8,4,3,11,2403,2419,,1185,846,2007,.422,250,782,.320,461,652,.707,346,1106,421,304,94,423,629
87,Eastern Michigan,27,13,14,.481,1.13,5.09,7,7,10,5,3,9,1893,1881,,1095,708,1558,.454,166,551,.301,311,499,.623,337,981,327,205,126,376,449
88,Eastern Washington,27,11,16,.407,-8.25,-3.14,9,7,8,3,2,13,1936,2050,,1100,695,1636,.425,246,707,.348,300,423,.709,237,936,370,158,82,319,509
89,Elon,29,9,20,.310,-12.46,-2.57,5,11,5,11,4,7,2021,2228,,1170,720,1674,.430,295,854,.345,286,413,.692,236,975,415,119,54,383,493
90,Evansville,29,10,19,.345,-3.36,0.68,4,12,9,6,1,13,2018,2091,,1175,678,1602,.423,235,700,.336,427,586,.729,189,989,359,166,81,382,537
91,Fairfield,28,8,20,.286,-9.94,-6.51,5,11,3,7,3,12,1908,2004,,1120,700,1608,.435,238,687,.346,270,389,.694,251,885,369,179,54,395,561
92,Fairleigh Dickinson,28,15,13,.536,-7.10,-7.14,10,6,11,4,4,9,2119,2051,,1140,752,1589,.473,217,546,.397,398,561,.709,260,921,401,216,98,375,491
93,Florida A&M,29,11,18,.379,-13.10,-7.69,8,6,6,3,5,13,1821,1938,,1165,677,1527,.443,176,462,.381,291,477,.610,268,918,340,210,99,460,551
94,Florida Atlantic,28,16,12,.571,-0.32,-1.32,7,8,9,4,5,7,2010,1916,,1135,701,1702,.412,253,771,.328,355,478,.743,325,1126,361,157,76,413,497
95,Florida Gulf Coast,30,13,17,.433,-4.75,-0.93,8,7,10,3,3,10,2125,2203,,1200,752,1667,.451,241,670,.360,380,567,.670,253,998,411,205,124,453,482
96,Florida International,28,17,11,.607,-3.96,-1.42,8,7,10,4,5,7,2352,2256,,1120,826,1863,.443,249,799,.312,451,707,.638,299,994,423,302,121,402,558
97,Florida State,27,21,6,.778,17.57,8.91,9,5,12,1,5,4,2066,1832,,1090,714,1594,.448,204,604,.338,434,589,.737,314,1007,362,205,114,371,534
98,Florida,27,16,11,.593,15.81,10.59,8,6,9,4,4,5,1856,1715,,1090,652,1549,.421,230,680,.338,322,449,.717,294,918,335,203,108,322,480
99,Fordham,27,11,16,.407,-3.60,-2.22,2,12,8,9,3,6,1830,1818,,1095,660,1596,.414,242,707,.342,268,395,.678,259,897,311,164,86,298,484
100,Fresno State,27,19,8,.704,9.72,1.88,10,5,11,4,6,3,2044,1812,,1085,706,1559,.453,276,725,.381,356,496,.718,255,963,370,183,92,350,509
101,Furman,28,22,6,.786,7.98,-1.54,11,5,13,2,9,4,2184,1835,,1140,794,1675,.474,286,793,.361,310,441,.703,286,1009,448,250,119,353,394
102,Gardner-Webb,29,18,11,.621,-4.37,-5.29,9,6,11,0,6,9,2288,2072,,1190,802,1654,.485,239,604,.396,445,625,.712,235,994,423,211,85,344,478
103,George Mason,27,15,12,.556,2.05,0.31,9,5,10,5,5,5,1931,1884,,1090,691,1515,.456,166,516,.322,383,531,.721,244,930,325,174,79,348,462
104,George Washington,27,8,19,.296,-5.34,2.03,4,10,6,9,2,8,1740,1939,,1095,620,1495,.415,168,523,.321,332,488,.680,208,895,312,142,81,351,446
105,Georgetown,27,16,11,.593,8.50,5.43,6,8,11,5,4,5,2186,2103,,1105,745,1653,.451,234,640,.366,462,625,.739,288,1071,473,158,110,370,473
106,Georgia Southern,28,18,10,.643,4.28,0.97,10,5,8,3,7,7,2340,2129,,1130,865,1726,.501,181,545,.332,429,621,.691,261,1010,355,219,107,390,500
107,Georgia State,28,19,9,.679,1.96,0.77,10,5,11,1,6,7,2162,2082,,1120,761,1624,.469,275,706,.390,365,558,.654,227,910,347,219,135,328,487
108,Georgia Tech,28,12,16,.429,7.68,7.93,4,11,10,7,2,8,1825,1832,,1120,647,1494,.433,155,506,.306,376,534,.704,233,957,374,204,148,421,503
109,Georgia,27,10,17,.370,6.44,7.84,1,13,8,7,1,8,1992,2030,,1080,684,1526,.448,186,560,.332,438,611,.717,321,1064,381,154,132,433,478
110,Gonzaga,29,27,2,.931,30.07,4.62,14,0,17,0,7,1,2630,1892,,1160,946,1779,.532,237,636,.373,501,654,.766,290,1147,539,216,160,299,477
111,Grambling,27,13,14,.481,-9.57,-7.86,7,7,8,3,5,10,1921,1860,,1090,657,1477,.445,172,436,.394,435,648,.671,261,1045,334,168,123,441,565
112,Grand Canyon,26,16,10,.615,6.55,-2.07,9,4,10,2,5,5,1964,1740,,1045,690,1509,.457,195,587,.332,387,531,.729,275,945,371,162,63,320,468
113,Green Bay,29,15,14,.517,-3.77,-0.29,9,7,10,2,4,11,2365,2337,,1170,839,1849,.454,230,678,.339,457,653,.700,280,1057,436,231,116,367,562
114,Hampton,27,12,15,.444,-4.70,-4.58,7,7,8,3,4,10,2197,2077,,1110,747,1742,.429,231,672,.344,470,608,.773,301,1051,378,177,98,305,516
115,Hartford,28,15,13,.536,-3.32,-3.69,8,5,8,3,7,8,2073,2023,,1130,702,1570,.447,272,717,.379,397,529,.750,232,891,382,196,53,343,480
116,Harvard,23,14,9,.609,2.32,0.73,7,3,7,2,6,7,1656,1609,,940,591,1251,.472,202,530,.381,272,391,.696,198,825,290,128,90,379,404
117,Hawaii,27,16,11,.593,-0.50,-2.94,7,6,12,4,2,5,1955,1851,,1090,686,1516,.453,236,655,.360,347,509,.682,237,909,424,142,57,312,484
118,High Point,28,15,13,.536,-4.64,-3.98,8,6,9,3,4,8,1913,1884,,1135,693,1560,.444,157,520,.302,370,548,.675,335,1082,356,159,80,369,460
119,Hofstra,29,23,6,.793,5.59,-4.73,13,3,15,1,8,5,2441,2099,,1195,833,1704,.489,266,683,.389,509,641,.794,243,972,426,191,95,289,440
120,Holy Cross,29,15,14,.517,-5.11,-3.97,6,10,8,5,4,9,1947,1980,,1175,739,1603,.461,215,586,.367,254,377,.674,201,815,460,216,109,309,430
121,Houston Baptist,25,10,15,.400,-7.54,-3.59,6,8,7,4,3,11,2038,2041,,1025,720,1587,.454,157,481,.326,441,656,.672,359,985,362,198,44,393,506
122,Houston,27,26,1,.963,17.57,2.65,13,1,18,0,8,1,2031,1628,,1080,708,1600,.443,247,698,.354,368,509,.723,330,1122,404,178,125,315,501
123,Howard,28,13,15,.464,-12.42,-8.66,7,6,6,8,6,7,2209,2194,,1130,777,1803,.431,187,540,.346,468,655,.715,339,1041,376,154,115,340,533
124,Idaho State,25,9,16,.360,-11.90,-3.72,5,11,4,6,5,10,1846,1971,,1000,651,1454,.448,239,636,.376,305,421,.724,231,818,328,127,71,297,420
125,Idaho,27,4,23,.148,-18.92,-5.34,1,15,3,10,1,11,1817,2065,,1085,658,1487,.443,208,579,.359,293,410,.715,220,893,335,111,45,363,483
126,Illinois-Chicago,29,15,14,.517,-2.58,-1.66,9,7,11,4,3,10,2162,2146,,1175,781,1697,.460,273,769,.355,327,485,.674,242,998,428,194,114,407,618
127,Illinois State,29,15,14,.517,-1.52,0.70,8,8,10,4,2,9,2002,2047,,1170,725,1652,.439,228,671,.340,324,457,.709,256,996,393,135,91,372,497
128,Illinois,27,10,17,.370,11.02,11.88,6,10,8,5,1,7,1995,2018,,1090,723,1674,.432,217,636,.341,332,483,.687,300,893,360,210,69,360,579
129,Incarnate Word,27,6,21,.222,-18.17,-3.95,1,13,5,8,0,11,1749,2014,,1090,605,1324,.457,141,436,.323,398,495,.804,183,734,293,169,43,441,504
130,Indiana State,28,14,14,.500,-1.89,1.19,6,10,8,5,4,8,1952,2007,,1130,686,1542,.445,159,431,.369,421,581,.725,229,914,317,180,65,380,524
131,Indiana,27,13,14,.481,13.90,10.67,4,12,10,5,2,9,1895,1808,,1090,695,1515,.459,156,506,.308,349,533,.655,254,976,354,171,124,353,453
132,Iona,28,13,15,.464,-5.91,-5.66,11,6,7,3,4,9,2146,2153,,1120,732,1623,.451,243,707,.344,439,591,.743,253,996,371,191,79,356,495
133,Iowa State,27,19,8,.704,18.91,7.83,8,6,11,3,5,4,2114,1815,,1080,769,1605,.479,230,640,.359,346,471,.735,254,955,434,197,124,294,404
134,Iowa,27,21,6,.778,16.49,8.72,10,6,14,3,4,3,2170,1960,,1085,716,1536,.466,225,604,.373,513,684,.750,282,979,434,176,93,331,426
135,Purdue-Fort Wayne,29,17,12,.586,-3.26,-2.79,9,5,11,3,6,9,2424,2268,,1170,878,1821,.482,319,841,.379,349,504,.692,248,1006,475,214,130,348,443
136,IUPUI,29,16,13,.552,-1.56,-3.15,8,8,10,4,3,9,2230,2119,,1160,784,1728,.454,205,601,.341,457,652,.701,365,1092,422,205,91,406,518
137,Jackson State,27,10,17,.370,-14.72,-7.60,7,7,7,3,2,13,1663,1816,,1085,606,1520,.399,133,492,.270,318,510,.624,287,953,294,172,105,384,550
138,Jacksonville State,29,21,8,.724,1.40,-5.41,13,3,11,1,8,7,2226,1970,,1175,821,1803,.455,167,541,.309,417,561,.743,353,1161,384,220,127,388,470
139,Jacksonville,29,12,17,.414,-7.39,-4.62,5,9,5,7,6,9,2198,2184,,1165,816,1783,.458,195,579,.337,371,545,.681,303,1068,422,192,157,429,480
140,James Madison,29,13,16,.448,-7.58,-3.47,6,10,8,4,4,11,2057,2117,,1190,722,1631,.443,216,600,.360,397,545,.728,303,996,357,183,95,377,543
141,Kansas State,27,21,6,.778,15.20,8.01,11,3,11,2,6,4,1796,1602,,1080,648,1482,.437,190,559,.340,310,469,.661,254,914,375,200,54,314,442
142,Kansas,27,20,7,.741,18.58,12.84,9,5,14,0,2,7,2062,1907,,1095,748,1585,.472,203,559,.363,363,527,.689,266,1004,366,188,100,363,470
143,Kennesaw State,29,5,24,.172,-16.77,-1.10,2,12,5,8,0,13,1817,2211,,1165,660,1757,.376,117,384,.305,380,545,.697,339,1065,322,171,101,403,477
144,Kent State,27,19,8,.704,1.98,0.94,8,6,12,3,7,5,2030,1960,,1090,706,1624,.435,211,616,.343,407,562,.724,315,956,359,186,100,319,490
145,Kentucky,27,23,4,.852,22.81,9.43,12,2,15,1,7,1,2113,1752,,1085,735,1532,.480,170,473,.359,473,633,.747,328,1051,379,172,133,345,429
146,La Salle,26,8,18,.308,-2.88,1.62,6,8,3,9,3,6,1782,1899,,1040,616,1517,.406,218,649,.336,332,435,.763,272,877,327,205,76,370,540
147,Lafayette,27,10,17,.370,-11.11,-4.65,7,9,4,8,6,8,1983,2110,,1100,727,1624,.448,252,660,.382,277,370,.749,216,904,382,145,114,369,456
148,Lamar,28,16,12,.571,-6.92,-5.96,9,6,10,2,6,10,2170,1955,,1140,746,1660,.449,175,544,.322,503,734,.685,382,1076,390,250,83,419,524
149,Lehigh,27,18,9,.667,-0.86,-4.12,11,5,10,2,8,6,2176,2088,,1090,760,1553,.489,264,602,.439,392,512,.766,195,960,425,147,56,357,485
150,Liberty,29,23,6,.793,4.94,-4.91,12,2,13,1,9,3,2166,1767,,1160,792,1620,.489,269,730,.368,313,410,.763,234,961,441,198,81,328,445
151,Lipscomb,27,21,6,.778,9.48,-2.44,12,2,11,2,10,4,2270,1857,,1080,787,1640,.480,229,625,.366,467,621,.752,255,1031,467,213,74,369,476
152,Long Beach State,29,11,18,.379,-4.97,0.69,5,8,7,5,3,12,2177,2237,,1175,747,1747,.428,191,549,.348,492,718,.685,332,1103,350,183,93,429,540
153,Long Island University,28,13,15,.464,-9.77,-8.18,7,9,6,5,6,8,2073,2083,,1125,715,1629,.439,229,691,.331,414,588,.704,283,1048,373,192,135,425,538
154,Longwood,30,15,15,.500,-9.23,-7.56,5,10,9,5,5,9,2110,2100,,1215,700,1644,.426,291,835,.349,419,567,.739,254,1068,349,184,66,435,546
155,Louisiana,27,16,11,.593,-1.79,-0.71,7,7,9,3,5,7,2213,2186,,1085,759,1711,.444,244,700,.349,451,599,.753,306,959,401,197,108,364,518
156,Louisiana-Monroe,26,14,12,.538,0.59,-1.37,7,7,11,1,3,11,2025,1934,,1050,670,1503,.446,251,649,.387,434,550,.789,245,880,353,158,57,298,410
157,Louisiana State,27,22,5,.815,16.96,8.37,12,2,13,2,7,1,2232,2000,,1110,770,1648,.467,189,579,.326,503,661,.761,355,1021,358,252,119,366,497
158,Louisiana Tech,28,18,10,.643,2.35,-2.12,8,7,15,0,3,9,2046,1880,,1135,724,1648,.439,208,642,.324,390,596,.654,313,1041,381,159,105,328,444
159,Louisville,28,18,10,.643,18.73,11.19,9,6,13,4,5,4,2113,1902,,1140,700,1590,.440,249,698,.357,464,602,.771,274,1035,381,137,82,357,486
160,Loyola (IL),29,17,12,.586,4.46,0.14,10,6,12,4,4,5,1915,1766,,1160,709,1429,.496,174,476,.366,323,485,.666,159,858,396,188,69,351,398
161,Loyola Marymount,28,18,10,.643,3.26,1.30,6,8,10,4,6,6,1883,1744,,1120,673,1485,.453,140,433,.323,397,537,.739,267,919,392,204,83,366,501
162,Loyola (MD),29,10,19,.345,-9.06,-4.03,6,10,6,5,3,14,2108,2254,,1175,763,1666,.458,177,546,.324,405,570,.711,268,919,405,247,69,407,520
163,Maine,28,5,23,.179,-13.28,-2.80,3,10,3,7,2,16,1757,1985,,1150,662,1518,.436,179,576,.311,254,393,.646,247,896,418,213,90,414,502
164,Manhattan,28,9,19,.321,-12.72,-6.51,7,9,4,8,3,10,1595,1769,,1120,569,1390,.409,194,559,.347,263,459,.573,281,893,319,194,66,445,600
165,Marist,28,12,16,.429,-8.25,-7.11,7,9,4,6,6,9,1910,1942,,1125,675,1485,.455,231,627,.368,329,486,.677,213,869,349,155,50,342,525
166,Marquette,27,23,4,.852,17.14,6.85,12,2,16,1,6,2,2131,1853,,1095,728,1556,.468,254,636,.399,421,547,.770,252,1023,375,139,127,367,483
167,Marshall,27,14,13,.519,-3.08,0.55,7,7,10,3,4,10,2147,2245,,1095,756,1735,.436,253,772,.328,382,525,.728,239,880,378,253,130,347,500
168,Maryland-Baltimore County,29,18,11,.621,-4.69,-5.31,10,4,10,4,6,6,1976,1841,,1190,708,1624,.436,238,699,.340,322,474,.679,252,984,399,225,67,365,488
169,Maryland-Eastern Shore,29,5,24,.172,-24.09,-5.90,3,11,3,7,2,17,1631,2091,,1165,598,1556,.384,154,554,.278,281,419,.671,232,880,323,171,61,381,515
170,Maryland,28,21,7,.750,17.57,9.57,12,5,14,2,6,4,2030,1806,,1120,715,1551,.461,211,578,.365,389,524,.742,308,1112,381,125,132,373,432
171,Massachusetts-Lowell,29,14,15,.483,-7.53,-6.64,6,8,8,5,4,10,2259,2207,,1170,801,1688,.475,229,663,.345,428,595,.719,268,1021,459,165,81,418,544
172,Massachusetts,27,10,17,.370,-1.73,-0.07,3,11,8,7,1,9,1916,1961,,1085,682,1541,.443,221,629,.351,331,482,.687,271,925,401,139,74,360,530
173,McNeese State,27,8,19,.296,-12.87,-5.17,4,10,7,7,1,12,1892,2000,,1085,677,1461,.463,145,468,.310,393,562,.699,281,935,381,126,82,411,424
174,Memphis,28,17,11,.607,9.55,4.02,9,6,13,2,3,6,2305,2150,,1130,810,1765,.459,210,635,.331,475,670,.709,345,1060,442,233,105,422,588
175,Mercer,28,11,17,.393,-0.82,0.14,6,10,9,5,2,11,2056,2003,,1125,714,1582,.451,209,609,.343,419,598,.701,280,962,356,185,70,361,501
176,Miami (FL),26,12,14,.462,10.92,8.58,4,10,10,5,0,7,1884,1823,,1045,663,1501,.442,222,652,.340,336,458,.734,234,868,334,168,85,309,376
177,Miami (OH),27,14,13,.519,2.15,2.31,6,8,10,3,3,8,1942,1866,,1085,667,1546,.431,233,693,.336,375,530,.708,291,999,308,150,81,343,491
178,Michigan State,28,23,5,.821,25.55,11.19,14,3,13,1,7,3,2243,1841,,1130,792,1629,.486,233,613,.380,426,576,.740,316,1164,543,156,156,365,493
179,Michigan,28,24,4,.857,21.23,9.27,13,4,16,0,6,3,1969,1634,,1120,715,1597,.448,220,637,.345,319,459,.695,238,991,370,175,120,256,402
180,Middle Tennessee,28,9,19,.321,-5.82,2.95,6,9,8,5,1,10,1902,2076,,1120,685,1621,.423,188,563,.334,344,504,.683,331,1062,307,170,75,459,503
181,Milwaukee,29,9,20,.310,-9.09,-2.70,4,12,6,6,3,11,2029,2185,,1165,720,1718,.419,229,658,.348,360,485,.742,274,1038,335,131,85,359,549
182,Minnesota,28,17,11,.607,12.42,9.99,7,10,13,3,1,7,2011,1943,,1120,703,1602,.439,151,467,.323,454,677,.671,342,1054,417,133,111,341,474
183,Mississippi State,27,20,7,.741,16.46,8.65,8,6,12,3,5,3,2107,1896,,1090,753,1586,.475,226,602,.375,375,514,.730,313,965,385,226,142,358,467
184,Mississippi Valley State,28,5,23,.179,-22.02,-5.91,3,11,5,4,0,19,1786,2181,,1125,636,1678,.379,146,481,.304,368,560,.657,323,1012,315,157,61,360,501
185,Mississippi,27,19,8,.704,13.34,7.12,9,5,11,3,5,4,2063,1895,,1085,723,1559,.464,223,611,.365,394,512,.770,279,944,396,210,99,353,491
186,Missouri-Kansas City,28,10,18,.357,-5.88,-0.69,5,8,8,3,2,13,1955,2059,,1130,681,1578,.432,225,631,.357,368,529,.696,235,853,309,201,80,338,567
187,Missouri State,29,16,13,.552,-0.20,-0.80,10,6,11,3,5,8,2029,1958,,1165,713,1548,.461,205,587,.349,398,576,.691,247,916,329,206,114,362,493
188,Missouri,26,12,14,.462,7.71,9.02,3,11,8,6,1,7,1749,1783,,1050,617,1439,.429,219,599,.366,296,424,.698,277,903,288,123,44,372,515
189,Monmouth,30,10,20,.333,-10.90,-3.73,9,8,6,5,4,11,1917,2132,,1220,660,1637,.403,144,493,.292,453,658,.688,310,1045,329,210,84,444,609
190,Montana State,26,12,14,.462,-7.32,-4.36,9,7,7,4,4,10,2022,2081,,1040,695,1530,.454,235,641,.367,397,546,.727,236,878,389,143,40,323,464
191,Montana,26,20,6,.769,2.19,-4.98,13,2,10,1,8,4,2022,1798,,1045,729,1481,.492,219,570,.384,345,502,.687,230,877,373,172,70,307,499
192,Morehead State,29,11,18,.379,-7.36,-1.54,7,9,7,6,3,11,2148,2232,,1175,756,1756,.431,229,659,.347,407,575,.708,324,1036,382,166,120,357,496
193,Morgan State,25,8,17,.320,-14.03,-8.25,3,9,6,5,1,12,1801,1929,,1010,633,1592,.398,136,418,.325,399,556,.718,325,902,311,191,44,342,504
194,Mount St. Mary's,29,8,21,.276,-14.27,-5.23,5,11,4,8,4,13,1960,2150,,1160,688,1643,.419,209,680,.307,375,559,.671,276,970,328,135,100,388,540
195,Murray State,27,23,4,.852,8.35,-5.21,14,2,14,1,9,3,2264,1827,,1080,822,1648,.499,216,618,.350,404,548,.737,295,1012,494,218,125,326,448
196,Navy,27,9,18,.333,-11.10,-3.73,6,10,7,6,2,12,1788,1987,,1080,636,1581,.402,181,583,.310,335,467,.717,324,1021,344,145,51,383,464
197,Omaha,27,18,9,.667,-1.16,-2.36,12,2,10,2,8,7,2152,2085,,1090,806,1683,.479,246,624,.394,294,405,.726,221,871,357,158,49,264,415
198,Nebraska,28,15,13,.536,16.70,10.52,5,12,11,5,2,7,2013,1805,,1120,709,1649,.430,214,632,.339,381,538,.708,293,1012,368,199,120,275,445
199,Nevada-Las Vegas,27,15,12,.556,2.00,0.19,9,6,9,6,5,4,1998,1949,,1085,689,1614,.427,218,647,.337,402,586,.686,360,1044,349,164,108,353,490
200,Nevada,27,25,2,.926,17.84,2.55,12,2,13,0,8,2,2193,1780,,1080,742,1594,.465,236,685,.345,473,653,.724,246,1014,417,172,106,278,456
201,New Hampshire,26,3,23,.115,-19.43,-4.89,1,12,3,10,0,13,1567,1823,,1040,563,1513,.372,229,705,.325,212,346,.613,245,893,288,102,52,315,486
202,New Mexico State,28,24,4,.857,9.63,-0.71,12,1,15,1,8,1,2161,1827,,1125,757,1679,.451,246,767,.321,401,595,.674,367,1060,400,162,70,332,511
203,New Mexico,26,11,15,.423,0.36,3.08,5,9,7,7,4,7,1969,1981,,1040,656,1535,.427,242,685,.353,415,587,.707,266,950,350,180,94,381,505
204,New Orleans,26,16,10,.615,-7.88,-6.11,11,4,12,2,4,8,1873,1783,,1060,676,1527,.443,149,436,.342,372,538,.691,311,928,391,247,110,416,491
205,Niagara,29,12,17,.414,-11.03,-7.41,5,11,8,7,4,9,2095,2200,,1160,724,1726,.419,236,663,.356,411,562,.731,293,1041,320,119,109,354,459
206,Nicholls State,27,12,15,.444,-11.65,-5.48,5,9,7,2,3,13,1963,2015,,1090,705,1684,.419,283,779,.363,270,354,.763,249,919,378,176,116,342,507
207,NJIT,29,20,9,.690,-3.51,-5.91,8,6,10,3,10,6,2044,1944,,1170,705,1587,.444,202,593,.341,432,609,.709,215,1000,322,190,81,361,494
208,Norfolk State,28,17,11,.607,-8.30,-7.94,12,1,10,1,7,7,2071,1954,,1135,707,1590,.445,220,583,.377,437,617,.708,259,991,361,166,125,413,606
209,North Alabama,29,9,20,.310,-11.75,-1.67,6,8,7,3,2,17,1935,2140,,1165,672,1711,.393,217,723,.300,374,563,.664,301,1038,299,185,69,395,561
210,North Carolina-Asheville,28,4,24,.143,-18.25,-1.93,2,12,3,9,1,13,1676,2051,,1125,593,1469,.404,198,618,.320,292,392,.745,268,844,299,180,78,418,488
211,North Carolina A&T,27,15,12,.556,-12.13,-8.53,10,3,8,2,7,10,1896,1913,,1085,698,1503,.464,196,551,.356,304,457,.665,233,864,382,177,89,355,435
212,North Carolina Central,28,14,14,.500,-11.02,-10.38,9,5,9,2,4,11,2041,1885,,1125,736,1608,.458,178,570,.312,391,542,.721,331,1047,435,186,76,435,504
213,North Carolina-Greensboro,29,24,5,.828,3.72,-1.50,13,3,13,1,9,4,2210,1943,,1165,810,1767,.458,222,655,.339,368,526,.700,321,1000,374,259,112,340,521
214,North Carolina State,28,20,8,.714,16.88,5.88,8,7,14,3,3,5,2305,1997,,1130,847,1801,.470,234,640,.366,377,534,.706,376,1082,450,214,107,370,555
215,North Carolina-Wilmington,30,9,21,.300,-7.58,-1.68,5,12,5,9,2,11,2302,2434,,1215,807,1802,.448,241,678,.355,447,616,.726,349,1107,455,138,55,404,536
216,North Carolina,27,22,5,.815,25.44,11.03,12,2,12,2,9,1,2352,1963,,1085,851,1794,.474,237,630,.376,413,558,.740,345,1168,522,207,98,371,473
217,North Dakota State,28,14,14,.500,-3.90,-1.44,8,6,10,3,3,8,2047,2032,,1130,707,1551,.456,264,738,.358,369,476,.775,185,887,331,137,62,306,417
218,North Dakota,27,11,16,.407,-8.35,-3.04,5,9,8,6,3,10,1993,1955,,1080,734,1588,.462,220,588,.374,305,436,.700,210,909,366,162,74,350,435
219,North Florida,30,14,16,.467,-3.55,-0.05,8,7,8,3,5,12,2269,2327,,1205,828,1840,.450,272,806,.337,341,492,.693,337,1137,474,199,151,500,536
220,North Texas,28,20,8,.714,1.55,-3.37,8,7,12,2,6,6,1986,1735,,1125,720,1609,.447,240,699,.343,306,455,.673,302,1041,362,186,68,363,499
221,Northeastern,28,18,10,.643,4.02,-0.45,12,4,11,2,6,6,2114,1989,,1145,725,1516,.478,268,699,.383,396,523,.757,195,884,394,177,63,331,457
222,Northern Arizona,27,9,18,.333,-10.68,-6.01,7,10,5,7,4,11,1976,2102,,1085,685,1580,.434,217,644,.337,389,561,.693,251,917,334,172,63,314,472
223,Northern Colorado,26,17,9,.654,-3.96,-6.59,11,4,8,2,9,5,2008,1809,,1050,690,1490,.463,252,685,.368,376,528,.712,254,921,349,130,75,320,436
224,Northern Illinois,27,12,15,.444,2.21,1.45,5,9,8,5,3,9,1987,1922,,1095,744,1571,.474,179,508,.352,320,441,.726,243,947,306,146,52,340,513
225,Northern Iowa,29,14,15,.483,-0.90,1.07,9,7,9,4,3,8,1931,1930,,1160,662,1574,.421,241,686,.351,366,493,.742,229,950,322,138,61,337,478
226,Northern Kentucky,29,21,8,.724,4.91,-2.90,11,5,16,1,5,7,2299,1984,,1170,809,1678,.482,256,712,.360,425,636,.668,308,1072,492,177,114,366,563
227,Northwestern State,27,10,17,.370,-15.85,-4.43,5,9,7,6,3,11,1805,1998,,1090,640,1577,.406,172,579,.297,353,528,.669,308,976,303,177,121,438,510
228,Northwestern,27,12,15,.444,10.65,9.06,3,13,9,6,1,8,1788,1745,,1085,621,1531,.406,195,614,.318,351,483,.727,244,918,382,145,113,301,484
229,Notre Dame,27,13,14,.481,9.05,7.90,3,11,11,7,1,6,1898,1867,,1080,648,1624,.399,228,724,.315,374,491,.762,310,1001,352,151,131,262,377
230,Oakland,29,13,16,.448,-3.10,-1.20,9,7,7,6,6,10,2223,2232,,1165,767,1639,.468,278,724,.384,411,552,.745,245,914,494,161,85,371,477
231,Ohio State,27,17,10,.630,15.56,9.82,7,9,11,5,4,5,1891,1736,,1080,659,1474,.447,202,576,.351,371,511,.726,251,934,378,158,69,346,488
232,Ohio,26,12,14,.462,-3.11,3.13,4,10,10,4,2,8,1822,1942,,1055,676,1557,.434,161,536,.300,309,504,.613,286,970,369,172,96,392,431
233,Oklahoma State,27,10,17,.370,6.98,11.02,3,11,7,6,1,9,1809,1918,,1080,625,1483,.421,228,610,.374,331,483,.685,259,923,354,156,108,340,431
234,Oklahoma,27,17,10,.630,15.59,11.82,5,9,9,4,5,5,1919,1817,,1085,699,1580,.442,178,528,.337,343,504,.681,265,1045,346,159,94,335,428
235,Old Dominion,28,22,6,.786,4.94,-2.06,12,3,14,1,7,3,1905,1709,,1120,680,1624,.419,224,622,.360,321,483,.665,336,1104,366,165,130,323,456
236,Oral Roberts,30,10,20,.333,-9.26,-1.61,6,9,6,6,3,13,2157,2317,,1205,799,1759,.454,249,693,.359,310,452,.686,314,1080,404,143,100,429,540
237,Oregon State,26,17,9,.654,8.63,3.75,9,5,10,3,5,4,1913,1786,,1045,685,1460,.469,172,535,.321,371,505,.735,260,936,401,155,142,329,442
238,Oregon,27,15,12,.556,9.69,5.17,6,8,11,4,3,7,1891,1769,,1085,672,1509,.445,205,604,.339,342,469,.729,255,915,371,197,114,322,475
239,Pacific,29,13,16,.448,-2.44,1.49,3,11,9,6,4,10,1946,2022,,1170,649,1523,.426,169,499,.339,479,637,.752,259,948,290,179,44,381,567
240,Penn State,27,11,16,.407,12.17,11.88,4,12,7,6,2,8,1884,1876,,1090,665,1591,.418,190,596,.319,364,526,.692,318,978,327,207,99,341,506
241,Pennsylvania,26,16,10,.615,2.04,-0.61,4,6,8,4,7,4,1939,1824,,1065,700,1524,.459,242,673,.360,297,465,.639,228,933,401,166,65,335,428
242,Pepperdine,29,13,16,.448,0.32,0.03,6,9,9,4,2,11,2208,2166,,1170,744,1681,.443,263,695,.378,457,607,.753,252,931,423,196,74,362,546
243,Pittsburgh,27,12,15,.444,9.28,5.91,2,12,10,6,0,9,1951,1860,,1090,653,1537,.425,184,563,.327,461,659,.700,320,1003,323,190,107,371,500
244,Portland State,27,13,14,.481,-9.27,-5.19,8,8,10,4,2,9,2106,2041,,1090,729,1703,.428,199,637,.312,449,644,.697,422,1086,371,229,111,396,589
245,Portland,29,7,22,.241,-10.02,0.57,0,14,6,10,1,11,1921,2179,,1170,651,1560,.417,198,613,.323,421,621,.678,210,943,350,161,114,391,550
246,Prairie View,26,14,12,.538,-9.07,-6.83,12,1,7,0,7,12,1905,1945,,1040,666,1554,.429,157,505,.311,416,627,.663,308,880,328,219,40,348,579
247,Presbyterian,29,17,12,.586,-3.44,-4.98,9,5,11,2,6,10,2284,2096,,1165,775,1713,.452,312,813,.384,422,576,.733,260,991,458,174,56,293,498
248,Princeton,23,15,8,.652,-2.21,-0.92,7,3,7,3,7,4,1614,1578,,930,565,1371,.412,176,564,.312,308,415,.742,229,836,251,141,59,280,376
249,Providence,28,15,13,.536,7.80,6.34,5,10,10,6,4,5,1988,1947,,1135,683,1637,.417,186,560,.332,436,633,.689,341,1025,405,208,109,358,494
250,Purdue,27,20,7,.741,20.89,11.97,13,3,13,0,5,5,2067,1826,,1090,721,1622,.445,270,739,.365,355,477,.744,329,990,381,174,112,291,469
251,Quinnipiac,27,15,12,.556,-5.73,-7.32,10,6,7,6,7,5,1986,1943,,1110,643,1522,.422,294,801,.367,406,573,.709,283,980,341,143,51,365,455
252,Radford,28,19,9,.679,1.53,-1.47,11,3,11,2,8,6,2094,1923,,1130,761,1635,.465,243,638,.381,329,460,.715,278,985,402,169,83,317,453
253,Rhode Island,26,12,14,.462,1.45,1.52,5,9,7,5,3,7,1759,1761,,1045,620,1498,.414,125,487,.257,394,582,.677,313,966,304,183,109,338,473
254,Rice,28,11,17,.393,-5.70,-0.89,6,9,8,6,3,11,2086,2190,,1145,703,1636,.430,245,700,.350,435,639,.681,274,1072,373,146,98,388,508
255,Richmond,27,12,15,.444,-0.74,-1.15,6,8,7,8,4,5,1917,1906,,1080,704,1455,.484,206,591,.349,303,454,.667,149,785,419,207,76,282,395
256,Rider,28,15,13,.536,-4.25,-6.04,10,6,9,2,5,10,2146,2096,,1125,762,1701,.448,193,578,.334,429,695,.617,324,1035,402,261,93,376,532
257,Robert Morris,29,15,14,.517,-8.80,-7.10,10,6,11,3,4,11,2017,1959,,1170,705,1631,.432,228,651,.350,379,546,.694,305,979,410,215,79,429,584
258,Rutgers,27,13,14,.481,9.31,9.94,6,11,9,6,3,8,1820,1837,,1090,669,1614,.414,168,535,.314,314,501,.627,346,1053,329,174,109,351,476
259,Sacramento State,25,12,13,.480,-8.34,-6.25,6,10,8,4,3,9,1765,1713,,1010,657,1466,.448,122,391,.312,329,488,.674,258,868,339,192,88,322,464
260,Sacred Heart,29,13,16,.448,-8.01,-7.37,9,7,8,2,4,13,2315,2291,,1165,800,1758,.455,224,618,.362,491,649,.757,324,1115,431,158,121,425,518
261,Saint Francis (PA),27,15,12,.556,-8.17,-5.57,11,5,10,3,5,9,2063,2041,,1080,737,1685,.437,206,605,.340,383,538,.712,354,1025,353,188,78,340,480
262,Saint Joseph's,27,11,16,.407,-0.84,1.98,4,10,9,4,1,10,1890,1966,,1080,647,1577,.410,237,710,.334,359,486,.739,213,922,324,147,85,250,387
263,Saint Louis,27,17,10,.630,4.00,1.26,8,6,13,2,4,6,1802,1728,,1080,635,1526,.416,153,503,.304,379,633,.599,356,1061,345,201,107,357,478
264,Saint Mary's (CA),29,19,10,.655,12.35,3.42,10,4,13,2,5,5,2157,1898,,1165,780,1641,.475,220,582,.378,377,510,.739,294,1019,305,174,69,303,508
265,Saint Peter's,28,8,20,.286,-12.18,-5.82,5,11,5,6,2,14,1748,1926,,1140,611,1439,.425,163,504,.323,363,507,.716,264,906,262,148,150,428,545
266,Sam Houston State,28,19,9,.679,-2.17,-5.29,14,1,12,1,6,8,2105,1938,,1145,755,1702,.444,259,709,.365,336,455,.738,297,1009,460,217,85,355,560
267,Samford,29,16,13,.552,0.89,-2.51,6,10,11,4,5,9,2268,2164,,1195,808,1704,.474,228,592,.385,424,586,.724,268,1080,408,208,110,416,494
268,San Diego State,27,18,9,.667,5.52,1.63,10,4,13,2,4,5,1987,1833,,1080,691,1535,.450,207,570,.363,398,545,.730,285,977,395,165,87,348,501
269,San Diego,29,17,12,.586,6.09,3.87,6,8,12,4,4,7,2096,1986,,1175,744,1612,.462,225,650,.346,383,519,.738,235,988,439,167,94,376,523
270,San Francisco,28,21,7,.750,10.50,1.38,9,5,13,1,6,5,2127,1847,,1125,783,1667,.470,232,652,.356,329,504,.653,300,1028,399,175,91,290,477
271,San Jose State,26,3,23,.115,-15.14,1.14,0,14,3,10,0,10,1689,2079,,1050,593,1470,.403,165,521,.317,338,517,.654,284,960,345,103,46,417,442
272,Santa Clara,28,15,13,.536,-1.50,1.53,7,7,11,6,3,5,1922,1976,,1135,672,1502,.447,212,593,.358,366,518,.707,218,939,379,128,101,398,534
273,Savannah State,27,10,17,.370,-20.04,-7.23,7,6,6,4,3,13,2069,2392,,1085,728,1829,.398,308,1055,.292,305,456,.669,328,1028,411,213,82,417,485
274,Seattle,27,15,12,.556,-1.13,-4.41,3,9,10,4,3,8,1996,1851,,1080,699,1566,.446,195,507,.385,403,568,.710,271,985,317,123,96,342,540
275,Seton Hall,27,16,11,.593,10.45,8.30,7,8,9,4,3,7,1991,1933,,1085,708,1574,.450,187,567,.330,388,542,.716,265,941,364,187,107,347,494
276,Siena,29,15,14,.517,-7.30,-5.99,10,6,6,7,7,6,1853,1891,,1180,674,1552,.434,254,747,.340,251,381,.659,222,846,363,172,80,288,408
277,South Alabama,27,13,14,.481,-4.04,-2.68,6,8,11,5,2,9,1984,1949,,1095,698,1527,.457,226,626,.361,362,542,.668,240,896,381,162,113,363,533
278,South Carolina State,29,7,22,.241,-16.34,-6.64,5,8,5,5,2,17,2008,2201,,1170,681,1615,.422,162,497,.326,484,652,.742,324,972,312,144,56,419,576
279,South Carolina Upstate,29,6,23,.207,-14.54,-4.23,1,14,5,7,1,14,1973,2147,,1170,707,1707,.414,246,750,.328,313,439,.713,281,954,401,187,89,399,567
280,South Carolina,27,14,13,.519,8.07,9.87,9,5,10,5,3,7,2001,1997,,1085,697,1623,.429,207,565,.366,400,588,.680,327,988,356,164,127,380,525
281,South Dakota State,30,23,7,.767,6.69,-4.69,13,2,13,1,7,5,2554,2201,,1200,901,1784,.505,300,727,.413,452,582,.777,225,1147,451,186,57,356,503
282,South Dakota,27,11,16,.407,-5.07,-2.35,5,9,6,6,4,8,1895,1912,,1085,653,1485,.440,205,595,.345,384,525,.731,193,846,347,148,63,297,473
283,South Florida,27,18,9,.667,6.35,0.62,7,7,14,3,3,5,1972,1782,,1105,650,1495,.435,186,556,.335,486,762,.638,371,1064,371,224,91,444,570
284,Southeast Missouri State,29,9,20,.310,-11.82,-4.49,4,12,5,7,2,13,2061,2220,,1185,748,1710,.437,244,680,.359,321,469,.684,275,1016,370,176,72,421,577
285,Southeastern Louisiana,28,14,14,.500,-8.00,-5.19,10,5,7,5,7,8,1866,1903,,1120,642,1477,.435,200,597,.335,382,540,.707,291,950,385,184,72,467,519
286,Southern California,28,15,13,.536,8.89,4.50,8,7,12,5,2,6,2136,2013,,1135,791,1715,.461,229,599,.382,325,501,.649,277,1021,459,175,93,342,493
287,SIU Edwardsville,28,9,19,.321,-14.26,-4.57,5,11,6,7,2,11,2049,2283,,1160,717,1720,.417,179,606,.295,436,618,.706,328,976,338,185,61,397,564
288,Southern Illinois,29,15,14,.517,1.69,0.42,8,8,7,6,6,7,1966,1929,,1160,716,1542,.464,194,519,.374,340,493,.690,263,968,404,201,117,415,434
289,Southern Methodist,26,13,13,.500,5.48,2.67,5,9,10,6,2,5,1895,1822,,1040,687,1569,.438,220,648,.340,301,419,.718,325,947,371,159,101,281,418
290,Southern Mississippi,27,17,10,.630,3.08,-0.75,9,6,10,3,6,5,1972,1751,,1090,746,1596,.467,214,568,.377,266,410,.649,230,971,464,211,92,277,410
291,Southern Utah,26,14,12,.538,-9.28,-6.49,9,8,10,2,4,10,1998,1972,,1055,686,1552,.442,212,626,.339,414,584,.709,232,968,330,158,92,354,545
292,Southern,27,5,22,.185,-17.13,-6.13,4,10,5,4,0,16,1747,2024,,1085,635,1458,.436,150,451,.333,327,498,.657,275,828,303,184,73,437,606
293,St. Bonaventure,27,13,14,.481,2.55,0.29,9,5,7,5,5,6,1817,1756,,1105,669,1550,.432,165,511,.323,314,429,.732,269,934,338,166,120,344,457
294,St. Francis (NY),29,16,13,.552,-9.35,-7.61,8,8,10,2,6,10,2063,2031,,1160,732,1742,.420,236,705,.335,363,528,.688,308,1056,327,164,121,362,560
295,St. John's (NY),28,20,8,.714,10.82,5.57,8,7,11,3,4,5,2198,2051,,1135,787,1724,.456,244,668,.365,380,523,.727,214,945,403,247,93,302,517
296,Stanford,27,14,13,.519,5.61,5.87,7,8,9,2,4,8,1965,1972,,1085,700,1528,.458,177,558,.317,388,567,.684,270,967,341,160,122,409,517
297,Stephen F. Austin,26,14,12,.538,-9.24,-5.29,7,7,10,5,3,6,1837,1848,,1050,653,1468,.445,170,507,.335,361,530,.681,276,875,308,175,102,405,499
298,Stetson,29,7,22,.241,-14.66,-2.66,3,11,7,8,0,14,2002,2269,,1165,733,1821,.403,202,647,.312,334,480,.696,335,1039,381,201,89,376,509
299,Stony Brook,28,22,6,.786,-1.82,-6.82,10,3,9,3,12,2,2017,1846,,1130,694,1644,.422,195,593,.329,434,607,.715,354,1154,316,167,119,399,541
300,Syracuse,27,18,9,.667,14.85,9.22,9,5,13,5,5,2,1884,1732,,1085,642,1528,.420,209,652,.321,391,571,.685,295,963,329,217,133,328,462
301,Temple,27,20,7,.741,8.58,4.54,10,4,11,2,7,4,2023,1914,,1100,713,1621,.440,207,620,.334,390,536,.728,250,923,402,239,60,300,481
302,Tennessee-Martin,27,10,17,.370,-10.31,-4.23,5,11,9,3,1,14,2039,2129,,1090,746,1684,.443,219,638,.343,328,438,.749,308,939,395,200,77,364,423
303,Tennessee State,28,9,19,.321,-10.76,-2.42,6,10,6,7,3,12,2022,2152,,1130,699,1623,.431,223,667,.334,401,577,.695,299,970,320,207,73,469,680
304,Tennessee Tech,29,7,22,.241,-14.66,-2.10,3,13,5,10,2,12,1973,2217,,1170,695,1668,.417,198,577,.343,385,609,.632,311,1047,370,206,129,484,518
305,Tennessee,27,24,3,.889,22.64,8.14,12,2,16,0,6,2,2257,1835,,1095,820,1626,.504,184,511,.360,433,566,.765,276,1024,512,155,149,306,476
306,Texas A&M-Corpus Christi,27,11,16,.407,-7.61,-3.91,6,8,8,6,3,9,1800,1787,,1085,654,1533,.427,169,525,.322,323,466,.693,300,983,359,172,83,386,512
307,Texas A&M,26,12,14,.462,8.26,8.37,5,9,8,7,3,5,1876,1879,,1040,670,1506,.445,171,553,.309,365,524,.697,303,986,325,174,121,370,436
308,Texas-Arlington,28,13,15,.464,-1.36,1.67,9,6,8,5,5,10,1918,1976,,1145,650,1626,.400,187,651,.287,431,578,.746,322,1059,350,185,78,401,539
309,Texas Christian,27,18,9,.667,14.52,8.74,6,8,12,3,2,6,2028,1872,,1085,727,1588,.458,207,598,.346,367,527,.696,294,989,447,183,115,355,436
310,Texas-El Paso,26,8,18,.308,-6.68,-0.47,3,12,8,7,0,11,1701,1816,,1050,580,1426,.407,180,551,.327,361,541,.667,257,973,280,116,76,429,494
311,Texas-Rio Grande Valley,30,16,14,.533,-0.77,0.01,7,6,10,7,6,7,2082,2078,,1205,704,1740,.405,160,514,.311,514,741,.694,306,1002,400,290,87,390,631
312,Texas-San Antonio,27,15,12,.556,2.29,0.11,9,5,10,3,4,6,2136,2030,,1090,775,1781,.435,251,724,.347,335,454,.738,285,1051,356,187,70,334,499
313,Texas Southern,26,15,11,.577,-5.52,-4.27,10,3,7,1,8,10,2061,2049,,1045,712,1634,.436,196,616,.318,441,654,.674,326,1019,387,198,77,385,471
314,Texas State,28,22,6,.786,3.69,-2.46,11,4,11,3,9,3,2070,1789,,1130,743,1636,.454,214,618,.346,370,562,.658,332,1068,429,199,67,369,554
315,Texas Tech,27,22,5,.815,21.68,6.80,10,4,15,1,4,3,1950,1548,,1080,697,1477,.472,195,528,.369,361,508,.711,239,915,361,194,129,346,484
316,Texas,27,15,12,.556,16.12,10.79,7,7,11,5,2,6,1931,1787,,1085,683,1564,.437,226,685,.330,339,479,.708,274,939,346,169,113,304,461
317,Toledo,27,21,6,.778,8.77,0.58,9,5,12,2,6,4,2097,1843,,1090,748,1661,.450,260,704,.369,341,438,.779,281,1087,449,132,120,327,423
318,Towson,29,10,19,.345,-7.19,-2.62,6,10,5,6,4,8,1966,2067,,1190,733,1686,.435,165,503,.328,335,486,.689,353,1080,291,138,90,357,517
319,Troy,26,11,15,.423,-5.70,-0.91,4,10,8,6,3,9,1931,1966,,1050,687,1490,.461,204,599,.341,353,491,.719,238,892,355,145,120,359,451
320,Tulane,26,4,22,.154,-7.84,2.89,0,14,3,10,0,8,1732,2011,,1040,602,1473,.409,175,565,.310,353,512,.689,249,952,362,119,95,399,449
321,Tulsa,28,16,12,.571,4.86,4.29,6,9,12,3,3,7,2005,1989,,1130,674,1497,.450,190,556,.342,467,677,.690,199,967,366,152,65,355,469
322,UCLA,28,15,13,.536,8.36,6.65,8,7,12,5,3,5,2187,2139,,1130,786,1705,.461,215,612,.351,400,637,.628,329,1151,416,172,112,409,469
323,Utah State,28,22,6,.786,12.12,-0.07,12,3,12,1,8,4,2201,1845,,1125,772,1639,.471,228,635,.359,427,570,.749,300,1119,483,182,118,358,524
324,Utah Valley,27,19,8,.704,3.37,-2.07,8,4,11,1,6,7,2104,1920,,1080,728,1483,.491,218,559,.390,430,597,.720,227,961,369,165,62,366,483
325,Utah,27,15,12,.556,6.38,5.19,9,6,8,5,6,4,2051,2019,,1085,701,1494,.469,263,692,.380,386,553,.698,271,955,388,124,68,368,481
326,Valparaiso,29,14,15,.483,-2.69,-0.61,7,9,8,6,5,7,1969,1933,,1175,717,1564,.458,174,524,.332,361,525,.688,257,975,398,181,88,392,482
327,Vanderbilt,27,9,18,.333,6.33,7.74,0,14,8,8,1,8,1909,1947,,1085,636,1482,.429,201,620,.324,436,637,.684,262,979,324,124,106,380,489
328,Vermont,28,22,6,.786,4.56,-3.48,12,2,11,2,11,4,2086,1803,,1130,715,1568,.456,212,612,.346,444,588,.755,251,981,328,153,110,304,469
329,Villanova,28,20,8,.714,14.97,7.43,11,4,11,2,5,4,2097,1886,,1130,702,1583,.443,300,851,.353,393,544,.722,295,991,400,158,82,314,466
330,Virginia Commonwealth,27,21,6,.778,12.91,3.13,12,2,14,1,6,4,1930,1666,,1090,671,1521,.441,193,624,.309,395,564,.700,289,999,375,213,123,383,546
331,VMI,28,8,20,.286,-11.56,0.80,2,14,6,7,2,13,2100,2286,,1130,735,1733,.424,273,777,.351,357,498,.717,257,978,380,194,51,359,483
332,Virginia Tech,27,21,6,.778,19.57,6.31,10,5,12,2,5,4,2009,1651,,1080,697,1457,.478,262,654,.401,353,468,.754,251,879,421,191,67,316,413
333,Virginia,26,24,2,.923,26.18,9.18,12,2,12,1,9,1,1858,1416,,1045,668,1411,.473,208,531,.392,314,416,.755,242,927,373,142,99,239,377
334,Wagner,27,13,14,.481,-10.87,-7.19,8,8,7,5,6,9,1796,1808,,1085,598,1518,.394,217,687,.316,383,517,.741,332,998,329,166,101,377,572
335,Wake Forest,26,10,16,.385,0.89,7.97,3,11,7,6,1,8,1791,1975,,1050,602,1510,.399,163,535,.305,424,585,.725,332,980,285,126,72,348,453
336,Washington State,27,11,16,.407,0.71,1.34,4,10,9,5,2,6,2085,2102,,1080,724,1574,.460,259,700,.370,378,498,.759,228,908,411,145,76,353,474
337,Washington,27,22,5,.815,13.76,6.27,13,1,14,0,6,3,1919,1717,,1080,674,1468,.459,199,574,.347,372,526,.707,266,881,319,243,161,363,501
338,Weber State,27,16,11,.593,-2.53,-5.33,10,6,9,4,5,5,2182,2003,,1090,767,1591,.482,203,557,.364,445,593,.750,186,994,315,138,118,323,505
339,West Virginia,27,10,17,.370,5.46,9.98,2,12,8,6,0,8,1911,2033,,1085,634,1549,.409,186,613,.303,457,671,.681,377,1044,341,161,102,431,566
340,Western Carolina,30,7,23,.233,-8.51,1.08,4,13,4,8,3,13,2147,2386,,1215,738,1622,.455,278,753,.369,393,591,.665,285,1068,366,127,49,553,622
341,Western Illinois,27,9,18,.333,-9.21,-5.49,4,10,7,6,2,12,1934,1960,,1085,718,1628,.441,213,558,.382,285,385,.740,224,963,285,148,120,302,415
342,Western Kentucky,28,16,12,.571,2.87,1.19,9,6,9,3,5,8,2011,1964,,1135,720,1591,.453,162,494,.328,409,567,.721,272,1039,352,194,141,392,444
343,Western Michigan,27,8,19,.296,-5.95,1.47,2,12,5,7,2,11,1924,2070,,1100,656,1523,.431,204,614,.332,408,588,.694,281,993,315,129,64,413,474
344,Wichita State,26,13,13,.500,6.12,6.24,6,8,8,4,2,7,1831,1834,,1045,661,1606,.412,199,623,.319,310,440,.705,317,968,357,124,85,324,520
345,William & Mary,28,12,16,.429,-4.07,-1.07,8,8,9,5,3,11,2105,2169,,1145,766,1614,.475,229,665,.344,344,511,.673,228,955,480,145,136,364,467
346,Winthrop,28,18,10,.643,-1.60,-3.68,10,5,11,3,7,7,2361,2191,,1130,810,1760,.460,352,933,.377,389,526,.740,308,1154,430,121,77,427,492
347,Wisconsin,27,19,8,.704,19.13,10.54,11,5,10,3,7,4,1886,1654,,1090,708,1524,.465,204,528,.386,266,407,.654,207,928,348,143,113,253,411
348,Wofford,28,24,4,.857,13.31,0.71,16,0,15,1,9,3,2324,1845,,1130,845,1725,.490,310,747,.415,324,462,.701,302,989,433,193,84,300,471
349,Wright State,29,18,11,.621,3.76,-0.98,12,4,14,2,4,6,2157,1971,,1165,743,1681,.442,236,671,.352,435,586,.742,316,1010,408,185,57,336,457
350,Wyoming,27,6,21,.222,-10.14,1.25,2,12,5,9,0,10,1736,2030,,1085,569,1383,.411,198,584,.339,400,547,.731,143,816,262,159,67,396,488
351,Xavier,28,15,13,.536,8.86,7.97,7,8,10,5,3,6,2011,1986,,1130,730,1559,.468,195,579,.337,356,519,.686,288,1008,412,159,107,380,449
352,Yale,23,18,5,.783,5.78,-1.36,8,2,9,1,7,4,1863,1677,,935,694,1385,.501,176,479,.367,299,425,.704,208,914,400,137,101,332,402
353,Youngstown State,30,12,18,.400,-7.32,-1.65,8,9,6,6,5,10,2251,2349,,1220,817,1924,.425,282,835,.338,335,478,.701,403,1144,416,199,108,402,608
